item,category_id,category_name
Galette,1,Bread & Bakery
Pain,1,Bread & Bakery
Pain amélioré,1,Bread & Bakery
croissant,1,Bread & Bakery
pain,1,Bread & Bakery
أو خبز,1,Bread & Bakery
الخبز,1,Bread & Bakery
الخبز المحسن,1,Bread & Bakery
الخبز محسن,1,Bread & Bakery
الهلاليات,1,Bread & Bakery
بان شوكو,1,Bread & Bakery
بانشوكو,1,Bread & Bakery
بريوش,1,Bread & Bakery
بريوش (Brioche),1,Bread & Bakery
بريوش بالشكولاطة,1,Bread & Bakery
بطاطاالمخبزة,1,Bread & Bakery
جبز,1,Bread & Bakery
خبز,1,Bread & Bakery
خبز بالشكولاطة,1,Bread & Bakery
خبز عادي,1,Bread & Bakery
خبز ماء,1,Bread & Bakery
خبز محسن,1,Bread & Bakery
خبز (وحدة),1,Bread & Bakery
خبز / ماء,1,Bread & Bakery
خبز /ماء,1,Bread & Bakery
خبز البريوش,1,Bread & Bakery
خبز البورغر,1,Bread & Bakery
خبز البورقر,1,Bread & Bakery
خبز البورقر معجون,1,Bread & Bakery
خبز البونجور,1,Bread & Bakery
خبز الشكولاطة,1,Bread & Bakery
خبز الشيكولاطة,1,Bread & Bakery
خبز الطاكوس,1,Bread & Bakery
خبز الهامبورغر,1,Bread & Bakery
خبز بالتوابل,1,Bread & Bakery
خبز بالشكلاطة,1,Bread & Bakery
خبز بالشكولا,1,Bread & Bakery
خبز بالشكولاتة,1,Bread & Bakery
خبز بالشكولاته,1,Bread & Bakery
خبز بالشكولاطة أو هلاليات,1,Bread & Bakery
خبز بالشكولاطة او هلاليات,1,Bread & Bakery
خبز بالشكولاطة او هلالية,1,Bread & Bakery
خبز بالشكولاطة(2قطع),1,Bread & Bakery
خبز بالشكولاطة/كرواسون,1,Bread & Bakery
خبز بالشكولاطة/مادلين,1,Bread & Bakery
خبز بالشكولاطة80 غ,1,Bread & Bakery
خبز بالشكولطة,1,Bread & Bakery
خبز بالشوكلاطة,1,Bread & Bakery
خبز بالشوكولا,1,Bread & Bakery
خبز بالشوكولاتة,1,Bread & Bakery
خبز بالشوكولاته,1,Bread & Bakery
خبز بالشوكولاطة,1,Bread & Bakery
خبز بالشيكولا,1,Bread & Bakery
خبز بالشيكولاطة,1,Bread & Bakery
خبز بالشيكولاطة أو هلالية,1,Bread & Bakery
خبز بالشيكولاطة/هلالية,1,Bread & Bakery
خبز بالشيكولة,1,Bread & Bakery
خبز بالمربة,1,Bread & Bakery
خبز بالمعجون,1,Bread & Bakery
خبز بريوش,1,Bread & Bakery
خبز بشكلاطة,1,Bread & Bakery
خبز بشكولاطة,1,Bread & Bakery
خبز بمعجون,1,Bread & Bakery
خبز بورغر,1,Bread & Bakery
خبز شكلاطة,1,Bread & Bakery
خبز شكولاطة,1,Bread & Bakery
خبز ص,1,Bread & Bakery
خبز ص بالشوكولاطة,1,Bread & Bakery
خبز ص بالشيكولاطة,1,Bread & Bakery
خبز صغير,1,Bread & Bakery
خبز صغير بالشكلاطة,1,Bread & Bakery
خبز صغير بالشكولاتة,1,Bread & Bakery
خبز صغير بالشكولاطة,1,Bread & Bakery
خبز صغير بالشوكولا,1,Bread & Bakery
خبز صغير بالشوكولاطة,1,Bread & Bakery
خبز صغير بالشيكولاطة,1,Bread & Bakery
خبز صغير بالشيكولة,1,Bread & Bakery
خبز صغير شكولاطة,1,Bread & Bakery
خبز صغير محسن,1,Bread & Bakery
خبز صغير محلى بالشكولاطة,1,Bread & Bakery
خبز عادي250 غ,1,Bread & Bakery
خبز عادي250غ,1,Bread & Bakery
خبز قطع,1,Bread & Bakery
خبز محسن بالشكولاطة,1,Bread & Bakery
خبز محسن صغير,1,Bread & Bakery
خبز محسن صغير بالشوكولاتة,1,Bread & Bakery
خبز محسن صغير بالشوكولاته,1,Bread & Bakery
خبز محسن صغير بالشيكولاتة,1,Bread & Bakery
خبز محسن250غ,1,Bread & Bakery
خبز محشي بالشكولاطة,1,Bread & Bakery
خبز محشي بالشوكولاته,1,Bread & Bakery
خبز محشي بالشوكولاطة,1,Bread & Bakery
خبز محلى,1,Bread & Bakery
خبز محلى بالشكلاطة,1,Bread & Bakery
خبز محلى بالشكولاطة,1,Bread & Bakery
خبز محلى بشكولاطة,1,Bread & Bakery
خبز مصغر,1,Bread & Bakery
خبز مصغر بالشكولاطة,1,Bread & Bakery
خبز و معجون,1,Bread & Bakery
خبز ومعجون,1,Bread & Bakery
خبز يالشكولاطة,1,Bread & Bakery
خبز 🍞,1,Bread & Bakery
خبز(خبز),1,Bread & Bakery
خبز. عادي,1,Bread & Bakery
خبز/ ماء,1,Bread & Bakery
خبز/ماء,1,Bread & Bakery
خبز01,1,Bread & Bakery
خبز250غ,1,Bread & Bakery
خبزبالشكولاطة,1,Bread & Bakery
خبزة,1,Bread & Bakery
خبزص,1,Bread & Bakery
خبزعادي,1,Bread & Bakery
خبزمحسن,1,Bread & Bakery
خبيرات بالشكولاطة,1,Bread & Bakery
خبيزات الشكولاطة,1,Bread & Bakery
خبيزات بالشكولاته,1,Bread & Bakery
خبيزات بالشكولاطة,1,Bread & Bakery
خبيزات لحم مرحي بالفرن,1,Bread & Bakery
خبيزات لحم مفروم بالتوابل,1,Bread & Bakery
سيقار,1,Bread & Bakery
علب معجون,1,Bread & Bakery
غخبز عادي,1,Bread & Bakery
قالات أو كروكي,1,Bread & Bakery
قالات/ كروكي,1,Bread & Bakery
قالات/كروكي,1,Bread & Bakery
قطعة خبز,1,Bread & Bakery
كرواسون,1,Bread & Bakery
كرواسون / خبز بالشكولاطة,1,Bread & Bakery
كرواسون / خبز بالشوكولاطة,1,Bread & Bakery
كرواسون /خبز بالشوكولاطة,1,Bread & Bakery
كرواسون أو خبز بالشكولاطة,1,Bread & Bakery
كرواسون(وحدة),1,Bread & Bakery
كرواسون/ خبز بالشكولاطة,1,Bread & Bakery
كرواسون/خبز بالشكلاطة,1,Bread & Bakery
كرواسون/خبز بالشكولاطة,1,Bread & Bakery
كرواسون/خبز بالشوكولاطة,1,Bread & Bakery
كرواسون/خبزبالشكولاطة,1,Bread & Bakery
كروكي,1,Bread & Bakery
كروكي/مادلين,1,Bread & Bakery
كروكيت,1,Bread & Bakery
مادلان,1,Bread & Bakery
مادلان/ماء,1,Bread & Bakery
مادلن,1,Bread & Bakery
مادلين,1,Bread & Bakery
مادلين أو كروكي,1,Bread & Bakery
مادلين(2قطع),1,Bread & Bakery
مادلين/ كروكي,1,Bread & Bakery
مادلين/كروكي,1,Bread & Bakery
مادلين/مرطبات,1,Bread & Bakery
مدلين,1,Bread & Bakery
مرطبات ( مادلين / كرواصو / خبز بالشيكولا),1,Bread & Bakery
مرطبات ( مادلين او كرواصو او خبز بالشيكولا),1,Bread & Bakery
مرطبات (مادلين / كرواصو / خبز بالشيكولا),1,Bread & Bakery
مرطبات أو هلاليات,1,Bread & Bakery
مرطبات او هلاليات,1,Bread & Bakery
معجون,1,Bread & Bakery
معجون سباقيتي,1,Bread & Bakery
معجون ص,1,Bread & Bakery
معجون صغير,1,Bread & Bakery
معجون كودى,1,Bread & Bakery
معجون كودى/ سباقيتي,1,Bread & Bakery
معجون مرغرين,1,Bread & Bakery
معجونص,1,Bread & Bakery
هلاليات,1,Bread & Bakery
هلاليات / خبز الشكولاطة,1,Bread & Bakery
هلاليات / خبز الشيكولاطة,1,Bread & Bakery
هلاليات / خبز شكولاطة,1,Bread & Bakery
هلاليات /خبز الشكولاطة,1,Bread & Bakery
هلاليات /خبز بالشكولاطة,1,Bread & Bakery
هلاليات /خبز شكولاطة,1,Bread & Bakery
هلاليات أو خبز بالشكولاطة,1,Bread & Bakery
هلاليات أو خبز بالشوكولاطة,1,Bread & Bakery
هلاليات او بريوش بالشكولاطة,1,Bread & Bakery
هلاليات او خبز بالشكلاطة,1,Bread & Bakery
هلاليات او خبز بالشكولاطة,1,Bread & Bakery
هلاليات او مرطبات,1,Bread & Bakery
هلاليات بالشكلاطة,1,Bread & Bakery
هلاليات بالشكولاطة,1,Bread & Bakery
هلاليات/ خبز الشكولاطة,1,Bread & Bakery
هلاليات/ خبز الشيكولاطة,1,Bread & Bakery
هلاليات/ خبز بالشكولاطة,1,Bread & Bakery
هلاليات/خبز الشكولاطة,1,Bread & Bakery
هلاليات/خبز الشيكولاطة,1,Bread & Bakery
هلاليات/خبز بالشكولاتة,1,Bread & Bakery
هلاليات/خبز بالشكولاطة,1,Bread & Bakery
هلالية,1,Bread & Bakery
هلالية أو خبز بالشكولاطة,1,Bread & Bakery
هلالية او خبز بالشكولاطة,1,Bread & Bakery
هلالية او خبزبالشكولاطة,1,Bread & Bakery
هلالية اوخبز بالشكولاطة,1,Bread & Bakery
هيلاليات خبز البورغر,1,Bread & Bakery
Couscous,2,Rice & Pasta
Spaghetti,2,Rice & Pasta
آرز,2,Rice & Pasta
أرز,2,Rice & Pasta
أرز (بطاطا),2,Rice & Pasta
أرز / تليتلي,2,Rice & Pasta
أرز أو زيتون,2,Rice & Pasta
أرز أو سباغيتي,2,Rice & Pasta
أرز أو عجائن,2,Rice & Pasta
أرز الفرن,2,Rice & Pasta
أرز بالخضار,2,Rice & Pasta
أرز بالخضر,2,Rice & Pasta
أرز بالخضروات,2,Rice & Pasta
أرز بالزيتون,2,Rice & Pasta
أرز بالصلصة,2,Rice & Pasta
أرز بالفرن,2,Rice & Pasta
أرز بالمرق,2,Rice & Pasta
أرز بسمتي مفور بالمرق,2,Rice & Pasta
أرز بيلاف,2,Rice & Pasta
أرز جربي,2,Rice & Pasta
أرز طبق مرافق,2,Rice & Pasta
أرز طعام,2,Rice & Pasta
أرز فرن,2,Rice & Pasta
أرز فرن أو زيتون,2,Rice & Pasta
أرز في الفرن,2,Rice & Pasta
أرز مرق,2,Rice & Pasta
أرز مرقة,2,Rice & Pasta
أرز مشكل,2,Rice & Pasta
أرز مشكل بالزيتون,2,Rice & Pasta
أرز مغموم,2,Rice & Pasta
أرز مفور,2,Rice & Pasta
أرز مفور بالمرق,2,Rice & Pasta
أرز ممرق,2,Rice & Pasta
أرز و بطاطا,2,Rice & Pasta
أرز 🍚,2,Rice & Pasta
أرز( بالمكونات),2,Rice & Pasta
أرز/ تليتلي,2,Rice & Pasta
أرز/ سباقيتي ( بالمكونات),2,Rice & Pasta
أرز/سباغيتي,2,Rice & Pasta
أرز/ماقارون/سباقيتي,2,Rice & Pasta
أرز/ماقرون/سباقيتي,2,Rice & Pasta
أرز/مقارون/سباقيتي,2,Rice & Pasta
ارز,2,Rice & Pasta
ارز / سباغيتي,2,Rice & Pasta
ارز أو عجائن مختلفة,2,Rice & Pasta
ارز الفرن,2,Rice & Pasta
ارز بالخضار,2,Rice & Pasta
ارز بالخضر,2,Rice & Pasta
ارز بالخضر او تليتلي,2,Rice & Pasta
ارز بالخضروات,2,Rice & Pasta
ارز بالزيتون,2,Rice & Pasta
ارز بالزيتون الاخضر,2,Rice & Pasta
ارز بالزيتون والجزر,2,Rice & Pasta
ارز بالصلصة,2,Rice & Pasta
ارز بالصلصة او سباقيتي,2,Rice & Pasta
ارز بالصلصلة,2,Rice & Pasta
ارز بالفرن,2,Rice & Pasta
ارز بالمرق,2,Rice & Pasta
ارز بسمتي,2,Rice & Pasta
ارز بسمتي مفور بالمرق,2,Rice & Pasta
ارز بيلاف,2,Rice & Pasta
ارز جربي,2,Rice & Pasta
ارز طعام,2,Rice & Pasta
ارز فرن,2,Rice & Pasta
ارز في الفرن,2,Rice & Pasta
ارز متنوع,2,Rice & Pasta
ارز مرق,2,Rice & Pasta
ارز مرقة,2,Rice & Pasta
ارز مشكل,2,Rice & Pasta
ارز مغموم,2,Rice & Pasta
ارز مفور,2,Rice & Pasta
ارز مفور بالمرق,2,Rice & Pasta
ارز/ تليتلي,2,Rice & Pasta
الأرز,2,Rice & Pasta
الأروز,2,Rice & Pasta
الارز,2,Rice & Pasta
الارز بالمرق,2,Rice & Pasta
العجائن,2,Rice & Pasta
الكسكس,2,Rice & Pasta
تلتلي,2,Rice & Pasta
تليتلي,2,Rice & Pasta
تليتلي أو رشتة,2,Rice & Pasta
تليتلي او ارز بالصلصة,2,Rice & Pasta
تليتلي بالخضروات,2,Rice & Pasta
تليتلي بالصلصة,2,Rice & Pasta
تليتلي بالمرق,2,Rice & Pasta
تليتلي فرن,2,Rice & Pasta
تليتلي في الفرن,2,Rice & Pasta
تليتلي مجمر,2,Rice & Pasta
تليتلي مسقى,2,Rice & Pasta
تليتلي مغموم,2,Rice & Pasta
تليتلي/ ارز,2,Rice & Pasta
تليتلي/ شخشوخة,2,Rice & Pasta
حساء (شربة فريك / شربة خضار / شربة شعيرية),2,Rice & Pasta
حساء (شربة فريك/ شربة خضار/ شربة شعيرية),2,Rice & Pasta
حساء (فارميسال),2,Rice & Pasta
حساء شعيرية,2,Rice & Pasta
حساء شعيرية بلحم الخروف,2,Rice & Pasta
حساء شوربة بالشعيرية,2,Rice & Pasta
حساء شوربة فارميسال,2,Rice & Pasta
حساء شوربة لسان العصفور,2,Rice & Pasta
حساء شوربة لسان العصفور/ مرق بالخضار,2,Rice & Pasta
دشيشة فريك/ فرميسال,2,Rice & Pasta
دشيشة فريك/فرميسال,2,Rice & Pasta
دويدة,2,Rice & Pasta
دويدة مفورة,2,Rice & Pasta
زيتون/أرز,2,Rice & Pasta
سباغتي,2,Rice & Pasta
سباغيتي,2,Rice & Pasta
سباغيتي / مقارون لولبي الشكل,2,Rice & Pasta
سباغيتي بالخضار,2,Rice & Pasta
سباغيتي بالخضار و الزيتون الاخضر,2,Rice & Pasta
سباغيتي بالخضر,2,Rice & Pasta
سباغيتي بالزيتون الاخضر,2,Rice & Pasta
سباغيتي بالصلصة,2,Rice & Pasta
سباغيتي بالصلصلة,2,Rice & Pasta
سباغيتي بالمرق,2,Rice & Pasta
سباغيتي في الفرن,2,Rice & Pasta
سباقتي (عجائن صناعية),2,Rice & Pasta
سباقيتي,2,Rice & Pasta
سباقيتي او ماقرونة,2,Rice & Pasta
سباقيتي بالصلصة,2,Rice & Pasta
سباقيتي بالمرق,2,Rice & Pasta
سباقيتي بصلصة الطماطم,2,Rice & Pasta
سباقيتي بولوناز,2,Rice & Pasta
سباقيتي صلصة الطماطم,2,Rice & Pasta
سباقيتي صوص بولونياز,2,Rice & Pasta
سباقيتي صوص طوماط,2,Rice & Pasta
سباقيتي مرق,2,Rice & Pasta
سباقيتي/أرز( بالمكونات),2,Rice & Pasta
سباقيتي/مقرونة,2,Rice & Pasta
سلاطة أرز,2,Rice & Pasta
سلاطة ارز,2,Rice & Pasta
سلاطة الأرز,2,Rice & Pasta
سلاطة الارز,2,Rice & Pasta
سلاطة العجائن,2,Rice & Pasta
سلاطة بالأرز,2,Rice & Pasta
سلاطة بالارز,2,Rice & Pasta
سلاطة بالعجائن,2,Rice & Pasta
سلاطة عجائن,2,Rice & Pasta
سلاطة ماسيدوان بالارز,2,Rice & Pasta
سلاطة متنوعة /أرز,2,Rice & Pasta
سلاطة متنوعة /كسكس,2,Rice & Pasta
سلاطة متنوعة أو سلاطة أرز,2,Rice & Pasta
سلاطة متنوعة بالارز,2,Rice & Pasta
سلاطة مسيدوان(أرز),2,Rice & Pasta
سلطة أرز,2,Rice & Pasta
سلطة أرز ماسيدوان,2,Rice & Pasta
سلطة أرز متنوعة,2,Rice & Pasta
سلطة ارز,2,Rice & Pasta
سلطة ارز ( ماسيدوان),2,Rice & Pasta
سلطة ارز ( مقدونية),2,Rice & Pasta
سلطة ارز (مقدونية),2,Rice & Pasta
سلطة ارز او حساء او شربة,2,Rice & Pasta
سلطة ارز متنوعة,2,Rice & Pasta
سلطة الأرز,2,Rice & Pasta
سلطة الارز,2,Rice & Pasta
سلطة العجائن,2,Rice & Pasta
سلطة بالعجائن,2,Rice & Pasta
سلطة عجائن,2,Rice & Pasta
سلطة عجائن بالخضار,2,Rice & Pasta
سلطة عجائن بالخضر,2,Rice & Pasta
سلطة ماسيدوان:ارز,2,Rice & Pasta
سلطة متنوعة/سلطة أرز,2,Rice & Pasta
شربة (فريك أو فارميسال),2,Rice & Pasta
شربة الفارميسال,2,Rice & Pasta
شربة بالشعيرية,2,Rice & Pasta
شربة بلحم الخروف(فريك-دويدة),2,Rice & Pasta
شربة دويدة,2,Rice & Pasta
شربة شعيرية,2,Rice & Pasta
شربة شعيرية / شربة فريك,2,Rice & Pasta
شربة شعيرية بلحم الخروف,2,Rice & Pasta
شربة فارميسال,2,Rice & Pasta
شربة فرميسال,2,Rice & Pasta
شربة فريك / شعيرية,2,Rice & Pasta
شربة فريك /شعيرية,2,Rice & Pasta
شربة فريك أو شعيرية,2,Rice & Pasta
شربة فريك او شعيرية,2,Rice & Pasta
شربة فريك او فارميسال بلحم الخروف,2,Rice & Pasta
شربة فريك/ شعيرية,2,Rice & Pasta
شربة فريك/شربة بالشعيرية,2,Rice & Pasta
شربة فريك/شربة شعيرية,2,Rice & Pasta
شربة فريك/شعيرية,2,Rice & Pasta
شربة فريك/فارميسال بلحم الخروف,2,Rice & Pasta
شربة لسان طير / شعيرية,2,Rice & Pasta
شربة لسان طير/ شعيرية,2,Rice & Pasta
شربة لسان طير/شعيرية,2,Rice & Pasta
شربةفريك/شربة بالشعيرية,2,Rice & Pasta
شربةفريك/شربةبالشعيرية,2,Rice & Pasta
شعيرية,2,Rice & Pasta
شعيرية أو شربة فريك,2,Rice & Pasta
شوربة الشعيرية,2,Rice & Pasta
شوربة بالشعيرية,2,Rice & Pasta
شوربة شعيرية,2,Rice & Pasta
شوربة فارميسال,2,Rice & Pasta
شوربة فرميسال,2,Rice & Pasta
شوربة فريك/ فارميسال بلحم الخروف,2,Rice & Pasta
شوربة فريك/شوربة شعيرية,2,Rice & Pasta
شوربة فريك/فارميسال بلحم الخروف,2,Rice & Pasta
شوربة لسان العصفور,2,Rice & Pasta
طاجين أرز,2,Rice & Pasta
طاجين أرز في الفرن,2,Rice & Pasta
طاجين تليتلي,2,Rice & Pasta
طبق الارز,2,Rice & Pasta
طبق مشكل(أرز و جزر و زيتون),2,Rice & Pasta
عجاءن سباقيتي,2,Rice & Pasta
عجائن,2,Rice & Pasta
عجائن '' سباقيتي,2,Rice & Pasta
عجائن ''تليلتي,2,Rice & Pasta
عجائن ( معكرونة),2,Rice & Pasta
عجائن ( معكرونة أو سباغيتي),2,Rice & Pasta
عجائن / كسكس,2,Rice & Pasta
عجائن : سباقيتي,2,Rice & Pasta
عجائن : معكرونة,2,Rice & Pasta
عجائن السباقيتي,2,Rice & Pasta
عجائن بالخضار,2,Rice & Pasta
عجائن بالخضر,2,Rice & Pasta
عجائن بالصلصة,2,Rice & Pasta
عجائن بالمرق,2,Rice & Pasta
عجائن بصلصة,2,Rice & Pasta
عجائن تليتلي,2,Rice & Pasta
عجائن سباقيتي,2,Rice & Pasta
عجائن سباقيطي,2,Rice & Pasta
عجائن صناعية,2,Rice & Pasta
عجائن صناعية (سباقيتي),2,Rice & Pasta
عجائن صناعية (معكرونة),2,Rice & Pasta
عجائن غذائية,2,Rice & Pasta
عجائن ماقرون,2,Rice & Pasta
عجائن متنوعة,2,Rice & Pasta
عجائن مختلفة,2,Rice & Pasta
عجائن مختلفة ( تليتلي),2,Rice & Pasta
عجائن مختلفة ( سباقيتي),2,Rice & Pasta
عجائن مختلفة ( شخشوخة),2,Rice & Pasta
عجائن مختلفة ( لسان العصفور),2,Rice & Pasta
عجائن مختلفة (تليتلي),2,Rice & Pasta
عجائن مختلفة (سباقيتي),2,Rice & Pasta
عجائن مختلفة (شخشوخة),2,Rice & Pasta
عجائن مختلفة (شعيرات أو لسان العصفور),2,Rice & Pasta
عجائن مختلفة (عيش),2,Rice & Pasta
عجائن مختلفة (لسان العصفور),2,Rice & Pasta
عجائن مختلفة (لسان عصفور),2,Rice & Pasta
عجائن مختلفة أو بقوليات أو زيتون أخضر,2,Rice & Pasta
عجائن مختلفة تليتلي,2,Rice & Pasta
عجائن مختلفة سباقيتي,2,Rice & Pasta
عجائن مختلفة سباقيتي أو معكرونة,2,Rice & Pasta
عجائن مختلفة لسان العصفور,2,Rice & Pasta
عجائن مختلفة(سباقيتي),2,Rice & Pasta
عجائن مرق,2,Rice & Pasta
عجائن مصنعة,2,Rice & Pasta
عجائن مع خضر مجمرة,2,Rice & Pasta
عجائن مع خضر مجمرة او ارز,2,Rice & Pasta
عجائن مع خضرة مجمرة أو أرز,2,Rice & Pasta
عجائن معكرونة,2,Rice & Pasta
عجائن مقارون,2,Rice & Pasta
عجائن مقرون,2,Rice & Pasta
عجائن مقرونة,2,Rice & Pasta
عجائن منحنية,2,Rice & Pasta
عجائن(مقارونة أو سباقيتي),2,Rice & Pasta
عجائن:سباقيتي,2,Rice & Pasta
عجاىن سباقيتي,2,Rice & Pasta
عجاىن معكرونة,2,Rice & Pasta
غراتان عجائن,2,Rice & Pasta
فارميسال,2,Rice & Pasta
فارميسال مفورة,2,Rice & Pasta
فرميسال,2,Rice & Pasta
فرميسال مفورة,2,Rice & Pasta
فريث/ أرز,2,Rice & Pasta
فريك / شربة شعيرية,2,Rice & Pasta
قراتان عجائن,2,Rice & Pasta
قراتان مقارون,2,Rice & Pasta
كسكس,2,Rice & Pasta
كسكس بالخضار,2,Rice & Pasta
كسكس بالخضر,2,Rice & Pasta
كسكس بالخظر,2,Rice & Pasta
كسكس بالمرق,2,Rice & Pasta
كسكس بالمرقة,2,Rice & Pasta
كسكس مرقة,2,Rice & Pasta
كسكس( بالمكونات),2,Rice & Pasta
كسكس/شربة فريك,2,Rice & Pasta
كسكسي,2,Rice & Pasta
كسكسي بالخضار,2,Rice & Pasta
كسكسي بالخضروات,2,Rice & Pasta
كسكسي بالمرق,2,Rice & Pasta
كسكسي مع المرق,2,Rice & Pasta
لسان العصفور,2,Rice & Pasta
لسان العصفور بالخضار,2,Rice & Pasta
لسان العصفور بالخضر,2,Rice & Pasta
ماسيدوان ( أرز),2,Rice & Pasta
ماسيدوان (أرز),2,Rice & Pasta
ماسيدوان(ارز),2,Rice & Pasta
ماقرونة/ سباقيتي,2,Rice & Pasta
مرق بالمعكرونة,2,Rice & Pasta
مرق سباقيتي,2,Rice & Pasta
مرق معكرونة,2,Rice & Pasta
معجنات (مقارون),2,Rice & Pasta
معكرونة,2,Rice & Pasta
معكرونة أو سباغيتي بالصلصة,2,Rice & Pasta
معكرونة او سباقيتي,2,Rice & Pasta
معكرونة بالخضار و الزيتون,2,Rice & Pasta
معكرونة بالخضار و الزيتون الاخضر,2,Rice & Pasta
معكرونة بالزيتون الاخضر,2,Rice & Pasta
معكرونة بالصلصة,2,Rice & Pasta
معكرونة بالمرق,2,Rice & Pasta
معكرونة(عجائن صناعية),2,Rice & Pasta
مقارون,2,Rice & Pasta
مقارون تورصادي,2,Rice & Pasta
مقارون صغيرة,2,Rice & Pasta
مقارون في الفرن,2,Rice & Pasta
مقارون لولبي,2,Rice & Pasta
مقارون لولبي الشكل,2,Rice & Pasta
مقارونة,2,Rice & Pasta
مقرون,2,Rice & Pasta
مقرونة,2,Rice & Pasta
مقرونة /سباقيتي,2,Rice & Pasta
مقرونة أو سباقيتي,2,Rice & Pasta
مقرونة او سباقيتي,2,Rice & Pasta
مقرونة بالمرق,2,Rice & Pasta
مقرونة في الفرن,2,Rice & Pasta
مقرونة/ سباقيتي,2,Rice & Pasta
مقرونة/سباقيتي,2,Rice & Pasta
مقرونه,2,Rice & Pasta
ميلونج (ارز),2,Rice & Pasta
ميلونج أرز,2,Rice & Pasta
ميلونج(ارز),2,Rice & Pasta
ميلونج(ارز بسمتي),2,Rice & Pasta
Lentille,3,Legumes
haricot sec,3,Legumes
pois chiche,3,Legumes
أرز أو عدس,3,Legumes
أرز أو عدس مرقة,3,Legumes
أرز أو فاصولياء,3,Legumes
أرز محمص,3,Legumes
أرز محمص بالخضر,3,Legumes
أرز محمص بالمرق,3,Legumes
ارز او لوبيا,3,Legumes
ارز بالجلبانة,3,Legumes
ارز محمص بالمرق,3,Legumes
الجلبان,3,Legumes
الحمص,3,Legumes
العدس,3,Legumes
الفاصولياء,3,Legumes
بازلاء,3,Legumes
بازلاء مجمدة,3,Legumes
بازلاء مجمدة في الفرن,3,Legumes
بازلاء مكسرة,3,Legumes
بزيلا خضراء مكسرة,3,Legumes
بطاطا بالجلبانة,3,Legumes
بطاطا بالحمص,3,Legumes
بطاطا جلبانة,3,Legumes
بطاطا كوشة(حمص),3,Legumes
بقوليات (لوبيا أو عدس أو حمص) أو زيتون اخضر,3,Legumes
تليتلي محمص بالخضر,3,Legumes
تليتلي محمص بالمرق,3,Legumes
جلبان,3,Legumes
جلبان ()/ زيتون( بالمكونات),3,Legumes
جلبان مجمد,3,Legumes
جلبان مجمد مرقة,3,Legumes
جلبان( بالمكونات),3,Legumes
جلبان/شوفلور,3,Legumes
جلبانة,3,Legumes
جلبانة او ارز,3,Legumes
جلبانة بالجزر,3,Legumes
جلبانة بالخضر,3,Legumes
جلبانة بالفريت,3,Legumes
جلبانة بالقرنون,3,Legumes
جلبانة بالمرق,3,Legumes
جلبانة بطاطا جزر,3,Legumes
جلبانة خضراء,3,Legumes
جلبانة سوتي,3,Legumes
جلبانة سوتي مع بطاطا مقلية,3,Legumes
جلبانة صوتي,3,Legumes
جلبانة فريت,3,Legumes
جلبانة في الفرن,3,Legumes
جلبانة قراتان,3,Legumes
جلبانة م,3,Legumes
جلبانة مثلجة,3,Legumes
جلبانة مجمدة,3,Legumes
جلبانة مرق,3,Legumes
جلبانة مرق بالخضروات,3,Legumes
جلبانة مكسرة,3,Legumes
جلبانة/حمص,3,Legumes
جلبانة/عدس,3,Legumes
جلبانة/فريت,3,Legumes
جلبانـــة,3,Legumes
جلبانه,3,Legumes
حبوب حمص,3,Legumes
حبوب عدس,3,Legumes
حبوب عدس أو لوبيا أو حمص,3,Legumes
حبوب عدس او لوبيا او حمص,3,Legumes
حبوب لوبيا,3,Legumes
حساء الجلبانة المكسرة,3,Legumes
حساء الشوبة /راقو بطاطا بالحمص,3,Legumes
حساء العدس,3,Legumes
حساء العدس الأحمر,3,Legumes
حساء العدس الاحمر,3,Legumes
حساء العدس الاخمر,3,Legumes
حساء بالبازلاء المكسرة,3,Legumes
حساء جلبانة,3,Legumes
حساء شوربة فارميسال/ جلبانة,3,Legumes
حساء عدس,3,Legumes
حساء عدس احمر,3,Legumes
حمص,3,Legumes
حمص بالشيفلور,3,Legumes
حمص بالمرق,3,Legumes
حمص صوص بلونش,3,Legumes
حمص مرق,3,Legumes
حمص مرقة,3,Legumes
حمص( بالمكونات),3,Legumes
دوبارة,3,Legumes
دولمة بالجلبانة,3,Legumes
راقو بطاطا بالحمص,3,Legumes
زيتون أو جلبان,3,Legumes
زيتون أو فاصولياء,3,Legumes
زيتون او جلبان,3,Legumes
زيتون( بالمكونات)/ جلبان ( بالمكونات),3,Legumes
سلاطة جزائرية /عدس,3,Legumes
سلطة العدس,3,Legumes
شربة البازلاء,3,Legumes
شربة العدس الأحمر,3,Legumes
شربة العدس الاحمر,3,Legumes
طاجين جلبانة,3,Legumes
طاجين الجلبانة,3,Legumes
طاجين الجلبانة بالجزر,3,Legumes
طاجين الحمص,3,Legumes
طاجين جلبان,3,Legumes
طاجين جلبانة بالفريت,3,Legumes
طاجين حمص,3,Legumes
طاجين زيتون / طاجين جلبانة,3,Legumes
طاجين فاصولياء خضراء,3,Legumes
طاجين لوبيا خضراء,3,Legumes
طاجين لوبيا خضراء بالفرن,3,Legumes
طاجين لوبياء خضراء,3,Legumes
طبق الجلبانة,3,Legumes
طبق جلبانة بالقرنون,3,Legumes
عجائن أو عدس,3,Legumes
عجائن بالمرق أو حمص,3,Legumes
عدس,3,Legumes
عدس ( بالمكونات),3,Legumes
عدس / لوبياء جافة,3,Legumes
عدس / مكرونة,3,Legumes
عدس أو زيتون اخضر,3,Legumes
عدس بالخضر,3,Legumes
عدس بالمرق,3,Legumes
عدس بمكوناته,3,Legumes
عدس مرق,3,Legumes
عدس مرقة,3,Legumes
عدس( بالمكونات),3,Legumes
عدس/ لوبيا,3,Legumes
عدس/معكرونة,3,Legumes
عصيدة بطاطا او جلبان,3,Legumes
غراتان جلبانة,3,Legumes
غراتان جلبانة بالخضار,3,Legumes
غراتان فاصولياء خضراء,3,Legumes
غراتان فاصولياء خضراء او لسان العصفور بالخضار,3,Legumes
غراتان فاصولياء خضراء بالبطاطا,3,Legumes
غراتان فاصولياء خضراءبالبطاطا,3,Legumes
غراتن جلبانة,3,Legumes
فاصولياء,3,Legumes
فاصولياء جافة,3,Legumes
فاصولياء أو حمص,3,Legumes
فاصولياء جافة/جلبان مجمد,3,Legumes
فاصولياء حمراء,3,Legumes
فاصولياء خضراء,3,Legumes
فاصولياء خضراء سوتي,3,Legumes
فاصولياء خضراء في الفرن,3,Legumes
فاصولياء خضراء و جزر,3,Legumes
فاصولياء سوتي,3,Legumes
فاصولياء مجمدة,3,Legumes
فاصولياء مجمدة في الفرن,3,Legumes
فاصولياء( بالمكونات),3,Legumes
فريت جلبانة,3,Legumes
فريت حمص,3,Legumes
لوبيا,3,Legumes
لوبيا او ارز,3,Legumes
لوبيا بالبطاطا قارني,3,Legumes
لوبيا بطاطا قارني,3,Legumes
لوبيا بيظاء,3,Legumes
لوبيا جافة,3,Legumes
لوبيا حمراء,3,Legumes
لوبيا خضرا,3,Legumes
لوبيا خضراء,3,Legumes
لوبيا خضراء/فريت,3,Legumes
لوبيا موشطو,3,Legumes
لوبيا/ حمص,3,Legumes
لوبيا/بطاطا كوشة,3,Legumes
لوبياء,3,Legumes
لوبياء جافة,3,Legumes
لوبياء خضراء,3,Legumes
لوبياءخضراء,3,Legumes
محمصة,3,Legumes
مرق الجلبان,3,Legumes
مرق العدس,3,Legumes
مرق بالجلبانة,3,Legumes
مرق بالجلبانة و القرنون,3,Legumes
مرق بالجلبانة والخضر,3,Legumes
مرق بالحمص,3,Legumes
مرق بالخضر والجلبانة,3,Legumes
مرق بالعدس,3,Legumes
مرق جلبان,3,Legumes
مرق جلبانة,3,Legumes
مرق جلبانة او لوبيا خضرا,3,Legumes
مرق جلبانة بالخضر او فاصولياء خضراء,3,Legumes
مرق جلبانة مجمدة,3,Legumes
مرق جلبانة مكسرة,3,Legumes
مرق حمص,3,Legumes
مرق حمص بمكوناته,3,Legumes
مرق خضار بالجلبانة,3,Legumes
مرق عدس,3,Legumes
مرق فاصولياء,3,Legumes
مرق لوبيا,3,Legumes
مرق لوبيا4,3,Legumes
مرقة جلبان مجمد,3,Legumes
مرقة جلبانة,3,Legumes
مرقة حمص,3,Legumes
Poulet roti,4,Poultry
poulet roti,4,Poultry
أرز بالدجاج,4,Poultry
الدجاج,4,Poultry
بطاطا بيري بمرق الدجاج,4,Poultry
بطاطا كوشة بالدجاج,4,Poultry
بودا دجاج,4,Poultry
بوراك دجاج,4,Poultry
بيري بمرق الدجاج,4,Poultry
جلبانة بالدجاج,4,Poultry
حساء الحريرة /دجاج,4,Poultry
حساء الحريرة دجاج,4,Poultry
حساء الحريرة/ دجاج,4,Poultry
دجاج,4,Poultry
دجاج محمر,4,Poultry
دجاج أو لحم,4,Poultry
دجاج امحمر,4,Poultry
دجاج او لحم,4,Poultry
دجاج او لحم قطع,4,Poultry
دجاج بالصلصة,4,Poultry
دجاج بالفرن,4,Poultry
دجاج بالمرق,4,Poultry
دجاج روتي,4,Poultry
دجاج طازج,4,Poultry
دجاج طازج في الفرن,4,Poultry
دجاج فالفرن,4,Poultry
دجاج فرصي مع صوص بلونش و زيتون و فطر,4,Poultry
دجاج في الفرن,4,Poultry
دجاج قطع,4,Poultry
دجاج كباب,4,Poultry
دجاج كنتاكي,4,Poultry
دجاج مجمر,4,Poultry
دجاج محشي,4,Poultry
دجاج محشي مع المرق,4,Poultry
دجاج محمر بالفرن,4,Poultry
دجاج محمر في الفرن,4,Poultry
دجاج مشوي,4,Poultry
دجاج مفور,4,Poultry
دجاج مقلي,4,Poultry
دجاج ممرق,4,Poultry
دجاج(المطاعم المركزية),4,Poultry
دجاج/لحم,4,Poultry
دجــاج,4,Poultry
دجــاج محــمر,4,Poultry
دجـــاج,4,Poultry
دجـــــــاج,4,Poultry
رولي بالدجاج مع صلصة بالجبن والفطر,4,Poultry
رولي دجاج,4,Poultry
زيتون بالدجاج,4,Poultry
زيتون باللحم والدجاج,4,Poultry
شاورما,4,Poultry
شاورما/سكالوب,4,Poultry
شرائح الدجاج,4,Poultry
شرائح دجاج,4,Poultry
شربة فريك بلحم الدجاج,4,Poultry
شطاطحا دجاج,4,Poultry
شطاطحا دجاج بالحمص,4,Poultry
شطيطحة دجاج,4,Poultry
شطيطحة بالدجاج,4,Poultry
شطيطحة دجاج بالفريت,4,Poultry
شوارما,4,Poultry
طاجين الزيتون بالدجاج,4,Poultry
طجين الدجاج بصلصة الزيتون و الفطر,4,Poultry
غراتان بالدجاج,4,Poultry
غراتان دجاج,4,Poultry
غرتان دجاج,4,Poultry
قراتان دجاج,4,Poultry
قرتان بالدجاج,4,Poultry
قرتان دجاج,4,Poultry
قطع دجاج,4,Poultry
كباب بالدجاج,4,Poultry
كباب دجاج,4,Poultry
كنتاكي,4,Poultry
لحم / دجاج,4,Poultry
لحم /دجاج,4,Poultry
لحم أو دجاج,4,Poultry
لحم الدجاج,4,Poultry
لحم الدجاج الطازج,4,Poultry
لحم الدجاج المحمر,4,Poultry
لحم الدجاج محمر,4,Poultry
لحم العجل الطازج او الدجاج الطازج,4,Poultry
لحم العجل الطازج او دجاج طازج,4,Poultry
لحم العجل او الدجاج,4,Poultry
لحم او دجاج,4,Poultry
لحم خروف أو دجاج,4,Poultry
لحم دجاج,4,Poultry
لحم دجاج أو عجل,4,Poultry
لحم دجاج او لحم العجل,4,Poultry
لحم دجاج طازج,4,Poultry
لحم دجاج قطع,4,Poultry
لحم دجاج محمر,4,Poultry
لحم دجاج مقرمش,4,Poultry
لحم عجل أو دجاج,4,Poultry
لحم عجل او دجاج مفور,4,Poultry
لحم قطع او دجاج,4,Poultry
لحم قطع/دجاج,4,Poultry
لحم/دجاج,4,Poultry
bolette de viande,5,Red Meat
أرز باللحم,5,Red Meat
أو بطاطا في الفرن باللحم(Purée) عصيدة البطاطا,5,Red Meat
الراغو,5,Red Meat
اللحم,5,Red Meat
اللحم الأحمر,5,Red Meat
اللحم العجل,5,Red Meat
اللحم المفروم,5,Red Meat
اللحم قطع,5,Red Meat
المثوم,5,Red Meat
او لحم عجل,5,Red Meat
بطاطا راغو,5,Red Meat
بطاطا راغو بالجلبانة,5,Red Meat
بطاطا غراتا محشية باللحم المفروم,5,Red Meat
بطاطا مهروسة بصلصة اللحم او بطاطا كوشة,5,Red Meat
بطاطا مهروسة/كباب,5,Red Meat
بوراك أو مثوم,5,Red Meat
بوراك بالكفتة,5,Red Meat
بوراك باللحم,5,Red Meat
بورك باللحم,5,Red Meat
تليتلي بكريات اللحم,5,Red Meat
جلبانة باللحم,5,Red Meat
جلبانة بقطع اللحم,5,Red Meat
جلبانة بكريات اللحم,5,Red Meat
خروف (لحم قطع),5,Red Meat
خروف(لحم قطع),5,Red Meat
خضار محشية باللحم,5,Red Meat
خضر محشية باللحم,5,Red Meat
خضر محشية باللحم المفروم,5,Red Meat
دولما باللحم,5,Red Meat
دولمة باللحم,5,Red Meat
دولمة باللحم المفروم,5,Red Meat
دولمة خضار باللحم,5,Red Meat
دولمة خضار بطاطا فلفل جريوات باللحم,5,Red Meat
دولمة لحم عجل,5,Red Meat
دولمة لحم مفروم,5,Red Meat
دويــدة أو شطيطحة,5,Red Meat
راغو,5,Red Meat
راغو (بطاطا),5,Red Meat
راغو (حمص),5,Red Meat
راغو بطاطا,5,Red Meat
راڨو,5,Red Meat
راڨو خضروات,5,Red Meat
رولي اللحم,5,Red Meat
رولي باللحم,5,Red Meat
رولي لحم مفروم محشي بالجبن,5,Red Meat
زيتون باللحم,5,Red Meat
شخشوخة باللحم,5,Red Meat
شرائح اللحم,5,Red Meat
شرائح لحم مفروم,5,Red Meat
شربة باللحم,5,Red Meat
شربة شعرية باللحم,5,Red Meat
شربة شعيرية باللحم,5,Red Meat
شربة فرميسال باللحم,5,Red Meat
شربة فريك ( لحم خروف),5,Red Meat
شربة فريك (لحم خروف),5,Red Meat
شربة فريك باللحم,5,Red Meat
شربة فريك باللحم الخروف,5,Red Meat
شربةباللحم,5,Red Meat
شريحة لحم مفروم,5,Red Meat
شطيتحة اللحم,5,Red Meat
شطيطحة,5,Red Meat
شطيطحة (- حمص),5,Red Meat
شطيطحة الحمص,5,Red Meat
شطيطحة اللحم,5,Red Meat
شطيطحة بالحمص,5,Red Meat
شطيطحة بالزيتون,5,Red Meat
شطيطحة باللحم,5,Red Meat
شطيطحة باللحم و الزيتون و الفطر,5,Red Meat
شطيطحة بلحم العجل,5,Red Meat
شطيطحة جاج,5,Red Meat
شطيطحة حمص,5,Red Meat
شطيطحة حمص / جلبانة,5,Red Meat
شطيطحة حمص بالبطاطس,5,Red Meat
شطيطحة فريت,5,Red Meat
شطيطحة لحم,5,Red Meat
شطيطحة لحم بالخضار,5,Red Meat
شطيطحة لحم بالزيتون,5,Red Meat
شطيطحة لحم بالفريت,5,Red Meat
شطيطحة لحم عجل,5,Red Meat
شطيطحة/فريت,5,Red Meat
طاجين الجبن باللحم,5,Red Meat
طاجين الزيتون أو شطيطحة,5,Red Meat
طاجين الزيتون باللحم,5,Red Meat
طاجين الزيتون بقطع اللحم,5,Red Meat
طاجين الكفتة,5,Red Meat
طاجين المثوم,5,Red Meat
طاجين جبن باللحم,5,Red Meat
طاجين راڨو,5,Red Meat
طاجين زيتون باللحم,5,Red Meat
طاجين زيتون مع كريات اللحم,5,Red Meat
طاجين كباب,5,Red Meat
طاجين مثوم,5,Red Meat
طاجين مثوم ( حمص),5,Red Meat
طاجين مثوم (- حمص),5,Red Meat
طاجين مثوم (حمص),5,Red Meat
طاجين مثوم بالمكونات,5,Red Meat
طاجين مثوم( حمص),5,Red Meat
طاجين مثوم( كريات اللحم),5,Red Meat
طاجين مثوم(بطاطا مقلية),5,Red Meat
طاجين مثوم(حمص),5,Red Meat
طاجين مثوم(كريات اللحم),5,Red Meat
طبق المثوم,5,Red Meat
طبق المثوم بالزيتون,5,Red Meat
طبق المثوم بالزيتون الأخضر,5,Red Meat
طبق مثوم,5,Red Meat
طجين جبن باللحم المفروم,5,Red Meat
طجين مثوم,5,Red Meat
طعام لحم أحمر,5,Red Meat
عجل (لحم قطع),5,Red Meat
عجل(لحم قطع),5,Red Meat
غراتان بالخضر باللحم المفروم والجبن,5,Red Meat
غراتان باللحم,5,Red Meat
غراتان باللحم المفروم,5,Red Meat
غراتان بطاطا باللحم,5,Red Meat
غراتان خضار باللحم,5,Red Meat
غراتان خضر باللحم,5,Red Meat
غراطن بطاطا باللحم,5,Red Meat
غرتان باللحم,5,Red Meat
فولون بالكفتة,5,Red Meat
قراتا باللحم,5,Red Meat
قراتا باللحم المفروم,5,Red Meat
قراتان بالخضار و اللحم,5,Red Meat
قراتان بالخضر و اللحم المفروم,5,Red Meat
قراتان باللحم,5,Red Meat
قراتان بطاطا باللحم,5,Red Meat
قراتان بطاطا باللحم المفروم,5,Red Meat
قراتان خضار باللحم,5,Red Meat
قرتان بطاطا باللحم المفروم,5,Red Meat
قرتان بطاطا باللحم المفروم بالجبن المبشور,5,Red Meat
قرتان بطاطا بلحم مفروم,5,Red Meat
قطع اللحم,5,Red Meat
قطع اللحم المحمر,5,Red Meat
قطع اللحم بالصلصة,5,Red Meat
قطع لحم عجل,5,Red Meat
قطعة اللحم,5,Red Meat
كباب,5,Red Meat
كباب أو شطيطحة لحم,5,Red Meat
كباب بالبطاطا المقلية,5,Red Meat
كباب بلحم العجل,5,Red Meat
كباب جزائري,5,Red Meat
كباب لحم,5,Red Meat
كباب لحم عجل مرحي,5,Red Meat
كباب(حمص),5,Red Meat
كباب(شطيطحة لحم),5,Red Meat
كرات اللحم,5,Red Meat
كرات اللحم المفروم,5,Red Meat
كرات اللحم المفروم بالصلصة او لحم مفروم شرائح,5,Red Meat
كرات اللحم بالصلصة,5,Red Meat
كريات اللحم,5,Red Meat
كريات اللحم (كريات),5,Red Meat
كريات اللحم المفروم,5,Red Meat
كريات اللحم المفروم بالصلصة,5,Red Meat
كريات اللحم بالمرق,5,Red Meat
كريات لحم مفروم,5,Red Meat
كسكس باللحم,5,Red Meat
كفتة,5,Red Meat
كفتة بالزيتون,5,Red Meat
كفتة بالمرق,5,Red Meat
كفتة بلحم العجل,5,Red Meat
كفتة دائرية,5,Red Meat
كفتة زيتون,5,Red Meat
كفتة لحم,5,Red Meat
كفتة مثوم,5,Red Meat
كفتة مثومة بلحم العجل,5,Red Meat
كورني بالكفتة,5,Red Meat
لحم أحمر,5,Red Meat
لحم أحمر بالصلصة,5,Red Meat
لحم أحمر خروف,5,Red Meat
لحم أحمر قطع,5,Red Meat
لحم أحمر مفروم,5,Red Meat
لحم أحمرمفروم,5,Red Meat
لحم الجمل,5,Red Meat
لحم الخروف/ لحم عجل,5,Red Meat
لحم بقر,5,Red Meat
لحم بقري,5,Red Meat
لحم خروف,5,Red Meat
لحم خروف / عجل,5,Red Meat
لحم خروف /عجل,5,Red Meat
لحم خروف /لحم عجل,5,Red Meat
لحم خروف روتي,5,Red Meat
لحم خروف قطع,5,Red Meat
لحم خروف مفور,5,Red Meat
لحم خروف/عجل,5,Red Meat
لحم خروف150غ,5,Red Meat
لحم عجل,5,Red Meat
لحم عجل قطع,5,Red Meat
لحم عجل (قطع),5,Red Meat
لحم عجل (كفتة),5,Red Meat
لحم عجل (كفتة بالمرق),5,Red Meat
لحم عجل أو خروف,5,Red Meat
لحم عجل او خروف,5,Red Meat
لحم عجل سوطي,5,Red Meat
لحم عجل طازج,5,Red Meat
لحم عجل قطع (مفور),5,Red Meat
لحم عجل قطع مفور,5,Red Meat
لحم عجل كفتة,5,Red Meat
لحم عجل محمر,5,Red Meat
لحم عجل محمر / مفور / رولي,5,Red Meat
لحم عجل مرحي,5,Red Meat
لحم عجل مفروم,5,Red Meat
لحم عجل مفور,5,Red Meat
لحم عجل(قطع),5,Red Meat
لحم عجل/ لحم خروف,5,Red Meat
لحم قطع,5,Red Meat
لحم قطع خروف,5,Red Meat
لحم قطع خروف( صافي),5,Red Meat
لحم قطع صغيرة,5,Red Meat
لحم قطع عجل,5,Red Meat
لحم قطع في الفرن,5,Red Meat
لحم قطع كبيرة,5,Red Meat
لحم قطع محمر,5,Red Meat
لحم قطع ممرق,5,Red Meat
لحم قطعة,5,Red Meat
لحم كباب,5,Red Meat
لحم كفتة,5,Red Meat
لحم مفروم,5,Red Meat
لحم مفروم ( صافي),5,Red Meat
لحم مفروم (كفتة),5,Red Meat
لحم مفروم بولات,5,Red Meat
لحم مفروم كريات,5,Red Meat
لحم مفروم( صافي),5,Red Meat
لكباب,5,Red Meat
للحم مفروم,5,Red Meat
لمثوم,5,Red Meat
مثوم,5,Red Meat
مثوم ( حمص),5,Red Meat
مثوم (حمص),5,Red Meat
مثوم (كريات اللحم),5,Red Meat
مثوم (كريات اللحم (كريات)),5,Red Meat
مثوم (كريات لحم),5,Red Meat
مثوم (لحم),5,Red Meat
مثوم بالحمص,5,Red Meat
مثوم بالزيتون الاخضر,5,Red Meat
مثوم بالفريت,5,Red Meat
مثوم باللحم,5,Red Meat
مثوم باللحم المفروم,5,Red Meat
مثوم حمص,5,Red Meat
مثوم لحم,5,Red Meat
مثوم(حمص),5,Red Meat
مرق المثوم,5,Red Meat
مرق باللحم,5,Red Meat
مرق مثوم,5,Red Meat
معدنوسية اللحم الطازج,5,Red Meat
همبرغر,5,Red Meat
ڨراتان بالخضار و اللحم,5,Red Meat
ڨراتان خضار باللحم,5,Red Meat
Poisson frais,6,Fish & Seafood
Thon,6,Fish & Seafood
poisson frais,6,Fish & Seafood
التونة,6,Fish & Seafood
التونة بالزيت,6,Fish & Seafood
السمك,6,Fish & Seafood
السمك الطازج,6,Fish & Seafood
السمك/التونة,6,Fish & Seafood
باركيت بالتونة,6,Fish & Seafood
بوراك (بالتونة),6,Fish & Seafood
بوراك (باللحم المفروم أو تونة),6,Fish & Seafood
بوراك (تونة1),6,Fish & Seafood
بوراك بالتونة,6,Fish & Seafood
تونة,6,Fish & Seafood
تونة / سمك,6,Fish & Seafood
تونة /سمك,6,Fish & Seafood
تونة أو سردينة,6,Fish & Seafood
تونة او جبن,6,Fish & Seafood
تونة او سمك,6,Fish & Seafood
تونة بالزيت,6,Fish & Seafood
تونة بالطماطم,6,Fish & Seafood
تونة بصلصة الطماطم,6,Fish & Seafood
تونة بطماطم,6,Fish & Seafood
تونة طماطم,6,Fish & Seafood
تونة طماطم65غ,6,Fish & Seafood
تونة علب,6,Fish & Seafood
تونة علبة,6,Fish & Seafood
تونة معلبة,6,Fish & Seafood
تونة(1علبة),6,Fish & Seafood
تونة/دجاج,6,Fish & Seafood
تونة/سمك,6,Fish & Seafood
تونة65غ,6,Fish & Seafood
دجاج او تونة,6,Fish & Seafood
سردين,6,Fish & Seafood
سردين طازج,6,Fish & Seafood
سردين علب,6,Fish & Seafood
سردين علبة,6,Fish & Seafood
سردين معلب,6,Fish & Seafood
سردين معلب بالطماطم,6,Fish & Seafood
سردين معلب بصلصة الطماطم,6,Fish & Seafood
سردين معلب/ تونة,6,Fish & Seafood
سردين معلبة,6,Fish & Seafood
سردينة,6,Fish & Seafood
سلاطة الارز بالتونة,6,Fish & Seafood
سلاطة جزائرية مع التونة,6,Fish & Seafood
سلاطة ماسيدوان مع التونة,6,Fish & Seafood
سلطة خضراء/ سمك,6,Fish & Seafood
سلطة متنوعة بالتونة,6,Fish & Seafood
سلطة/ سمك,6,Fish & Seafood
سمك,6,Fish & Seafood
سمك بصلصة الطماطم,6,Fish & Seafood
سمك طازج,6,Fish & Seafood
سمك / تونة,6,Fish & Seafood
سمك / تونة معلبة,6,Fish & Seafood
سمك /تونة,6,Fish & Seafood
سمك /تونه,6,Fish & Seafood
سمك /سردين معلب,6,Fish & Seafood
سمك أو تونة,6,Fish & Seafood
سمك أو تونة بالطماطم,6,Fish & Seafood
سمك أو تونة علب,6,Fish & Seafood
سمك أو تونة(صافي/وحدة),6,Fish & Seafood
سمك أو طونة,6,Fish & Seafood
سمك أو كرات اللحم (كريات),6,Fish & Seafood
سمك أو كريات اللحم,6,Fish & Seafood
سمك أو كريات اللحم (كريات),6,Fish & Seafood
سمك أو لحم,6,Fish & Seafood
سمك البوقا,6,Fish & Seafood
سمك الدوراد,6,Fish & Seafood
سمك الدوراد او كريات اللحم,6,Fish & Seafood
سمك السردين,6,Fish & Seafood
سمك الطازج,6,Fish & Seafood
سمك او تونة,6,Fish & Seafood
سمك او تونة بالطماطم,6,Fish & Seafood
سمك او سردين معلب,6,Fish & Seafood
سمك او طونة,6,Fish & Seafood
سمك او علبة تونة,6,Fish & Seafood
سمك او كريات اللحم,6,Fish & Seafood
سمك او لحم,6,Fish & Seafood
سمك تونا,6,Fish & Seafood
سمك دوراد,6,Fish & Seafood
سمك سردين,6,Fish & Seafood
سمك طازج أو طونة معلبة,6,Fish & Seafood
سمك طازج او تونة,6,Fish & Seafood
سمك طازج او لحم قطع,6,Fish & Seafood
سمك طازج او مجمد,6,Fish & Seafood
سمك طازج بين و180غ,6,Fish & Seafood
سمك طازج/تونة,6,Fish & Seafood
سمك طازج: ساورال او سردين,6,Fish & Seafood
سمك علبة,6,Fish & Seafood
سمك مجمد,6,Fish & Seafood
سمك معلب,6,Fish & Seafood
سمك مقلي,6,Fish & Seafood
سمك مقلي / تونة,6,Fish & Seafood
سمك/ تونة,6,Fish & Seafood
سمك/ تونه,6,Fish & Seafood
سمك/تونة,6,Fish & Seafood
سمك/تونة معلبة,6,Fish & Seafood
سمك/تونة( صافي),6,Fish & Seafood
سمك/تونة(150صافي),6,Fish & Seafood
سمك/سردين معلب,6,Fish & Seafood
سمك/سردين معلب(180صافي),6,Fish & Seafood
سمك/طونة,6,Fish & Seafood
سمكة / تونة,6,Fish & Seafood
طون,6,Fish & Seafood
طون علب,6,Fish & Seafood
طون علب65 غ,6,Fish & Seafood
طونة,6,Fish & Seafood
طونة (1علبة),6,Fish & Seafood
طونة بالطماطم,6,Fish & Seafood
طونة زيت,6,Fish & Seafood
طونة طماطم,6,Fish & Seafood
طونة علب,6,Fish & Seafood
طونة معلبة,6,Fish & Seafood
طونة(1علبة),6,Fish & Seafood
طونة(2وحدات),6,Fish & Seafood
طونة/سردين معلب,6,Fish & Seafood
طونة/لحم,6,Fish & Seafood
طونة65غ,6,Fish & Seafood
علبة الطونة,6,Fish & Seafood
علبة تونة,6,Fish & Seafood
علبة سردين,6,Fish & Seafood
علبة سردين/ تونة,6,Fish & Seafood
علبة طونة,6,Fish & Seafood
لحم عجل طازج أو طونة معلبة,6,Fish & Seafood
ماسيدوان بالطونة,6,Fish & Seafood
Oeufs durs,7,Eggs
oeufs durs,7,Eggs
أرز أبيض,7,Eggs
أوملات,7,Eggs
أوملات أو شكشوكة,7,Eggs
أوملات(2قطع),7,Eggs
أوملات(2وحدات),7,Eggs
أومليت,7,Eggs
افريت أوملات,7,Eggs
الاوملات,7,Eggs
البيض,7,Eggs
اوملات,7,Eggs
اوملات بيض بالجبن,7,Eggs
اوملات جبن,7,Eggs
بطاطا كوشة بالبيض,7,Eggs
بطاطا مقلية أوملات,7,Eggs
بطاطا مقلية اوملات,7,Eggs
بطاطا مقلية بالبيض,7,Eggs
بيض,7,Eggs
بيض مسلوق,7,Eggs
بيض ( أومليت),7,Eggs
بيض ()/ جبن قطع,7,Eggs
بيض (أومليت),7,Eggs
بيض /جبن,7,Eggs
بيض أو جبن,7,Eggs
بيض أوملات,7,Eggs
بيض أومليت,7,Eggs
بيض او تونة,7,Eggs
بيض او جبن,7,Eggs
بيض اوملات,7,Eggs
بيض اومليت,7,Eggs
بيض بالمعدنوس,7,Eggs
بيض طازج,7,Eggs
بيض مبشور,7,Eggs
بيض مخفوق رولي بالخضار,7,Eggs
بيض مسلوق أو اوملات,7,Eggs
بيض مسلوق و جبن,7,Eggs
بيض مسلوق و جبن قطعة,7,Eggs
بيض مصلوق,7,Eggs
بيض مغلى,7,Eggs
بيض مغلي,7,Eggs
بيض مقلى,7,Eggs
بيض مقلي,7,Eggs
بيض مقلي بالجبن,7,Eggs
بيض مقلي و جبن,7,Eggs
بيض مقلي وجبن,7,Eggs
بيض مقلي(2وحدات),7,Eggs
بيض منشور,7,Eggs
بيض و جبن,7,Eggs
بيض وجبن,7,Eggs
بيض(2قطع),7,Eggs
بيض(2وحدات),7,Eggs
بيض(أومليت),7,Eggs
بيض/تونة,7,Eggs
بيض/جبن,7,Eggs
بيض/طونة,7,Eggs
بيض1,7,Eggs
بيضة,7,Eggs
بيضة مقلية,7,Eggs
جبن / بيض,7,Eggs
جبن /بيض,7,Eggs
جبن أو بيض,7,Eggs
جبن او بيض,7,Eggs
جبن اوبيض,7,Eggs
جبن وبيض,7,Eggs
جبن/بيض,7,Eggs
جواز بالمرق الأبيض ( راغو),7,Eggs
جواز بالمرق الأبيض و اللحم (راغو),7,Eggs
حبة البيض,7,Eggs
دجاج/بيض,7,Eggs
رولي صلصة بيضاء,7,Eggs
زيتون أبيض,7,Eggs
زيتون بمرق ابيض,7,Eggs
سلطة متنوعة [ خيار/ بيطراف/ بيض ( مسلوق و مبشور)/ طماطم/ بصل/ زيتون/ سلطة خضراء ( إختياري),7,Eggs
سلطة متنوعة: على الأقل مكونات من: خيار / بيطراف / بيض (مسلوق ومبشور) / طماطم / بصل / زيتون / سلطة خضراء,7,Eggs
سمك / بيض,7,Eggs
سمك أو بيض,7,Eggs
سمك او بيض,7,Eggs
سمك/ بيض مسلوق,7,Eggs
سمك/بيض مسلوق,7,Eggs
شربة شعيريات بيضاء,7,Eggs
شطيطحة بيض,7,Eggs
شطيطحة دجاج بالبيض,7,Eggs
شكشوكة بالبيض,7,Eggs
شكشوكة خضروات متنوعة بيالبيض,7,Eggs
شو فلور مقلي بالبيض مع مرق الفطر,7,Eggs
شوفلار بالبيض,7,Eggs
شيفلور بالبيض,7,Eggs
صلصة بيضاء,7,Eggs
طاجين الجبن باللحم المفروم ( بيض),7,Eggs
طاجين الجبن باللحم المفروم (بيض),7,Eggs
طونة/بيض,7,Eggs
عجة البيض,7,Eggs
عجة البيض بالجبن,7,Eggs
عجة بيض,7,Eggs
عدس أو لوبيا بيضاء,7,Eggs
عدس أو لوبيا بيضاء باللحم,7,Eggs
عدس او لوبيا بيضاء,7,Eggs
غراتان بالبيض والجبن ولحم العجل المفروم مكون له,7,Eggs
غراتان بالبيض والجبن ولحم العجل مكون له,7,Eggs
غراتان جلبانة بالبيض,7,Eggs
غراتان خضار بالبيض و الجبن,7,Eggs
غراتان فاصولياء خضراء بالبيض,7,Eggs
غراطن بطاطا بالبيض,7,Eggs
غرتان الخضار بالبيض و الجبن,7,Eggs
فاصوليا بيضاء,7,Eggs
فاصولياء بيضاء,7,Eggs
فاصولياء بيضاء أو عدس,7,Eggs
فاصولياء بيضاء جافة,7,Eggs
فاصولياء بيضاء مرقة,7,Eggs
فاصولياء بيضاء مرقة أو عجائن,7,Eggs
فاصولياء بيضاء( بالمكونات),7,Eggs
فاصولياءبيضاء,7,Eggs
فريت أوملات,7,Eggs
فريت اوملات,7,Eggs
فريت اوملات بالبيض,7,Eggs
فريت اوملات مع البصل و البقدونس,7,Eggs
فريت اوملات مع البصل والبقدونس,7,Eggs
فصوليا بيضاء,7,Eggs
فصولياء بيضاء,7,Eggs
قراتان بالبيض,7,Eggs
قراتان بيض,7,Eggs
قراتان دجاج مع صلصة بيضاء,7,Eggs
كفتة بالمرق الابيض و الزيتون,7,Eggs
كفتة بيضاء,7,Eggs
لحم أبيض,7,Eggs
لحم ابيض,7,Eggs
لحم/بيض مغلي,7,Eggs
لوبيا بيضاء,7,Eggs
لوبيا بيضاء جافة,7,Eggs
لوبياء بيضاء,7,Eggs
لوبية بيضاء,7,Eggs
لوبيـــا بيضاء,7,Eggs
مرق أبيض,7,Eggs
مرق أبيض بالفطر,7,Eggs
مرق أبيض بالفطر والفريت,7,Eggs
مرق ابيض,7,Eggs
مرق بطاطا ابيض,7,Eggs
مرق فاصولياء بيضاء,7,Eggs
مرقة بيضاء,7,Eggs
ڨراتان بطاطا بالبيض وجبن,7,Eggs
Fromage en portion,8,Dairy & Cheese
S.Laitier,8,Dairy & Cheese
Yaourt aromatisé,8,Dairy & Cheese
yaourt aromatisé,8,Dairy & Cheese
الحليب,8,Dairy & Cheese
اللبن,8,Dairy & Cheese
بيض مغلي او ياوورت,8,Dairy & Cheese
تحظيرة لبنية,8,Dairy & Cheese
حليب,8,Dairy & Cheese
حليب (كوب),8,Dairy & Cheese
حليب (لبن),8,Dairy & Cheese
حليب / لبن,8,Dairy & Cheese
حليب /شكولاطة بودرة,8,Dairy & Cheese
حليب /لبن,8,Dairy & Cheese
حليب أو لبن,8,Dairy & Cheese
حليب أولبن,8,Dairy & Cheese
حليب او لبن,8,Dairy & Cheese
حليب باشكولاطة,8,Dairy & Cheese
حليب بالشكولاته,8,Dairy & Cheese
حليب بالشكولاطة,8,Dairy & Cheese
حليب بالشكولة,8,Dairy & Cheese
حليب بالشوكلاطة,8,Dairy & Cheese
حليب بالشوكولاطة,8,Dairy & Cheese
حليب بالشيكولا,8,Dairy & Cheese
حليب بالشيكولاتة,8,Dairy & Cheese
حليب بالشيكولاطة,8,Dairy & Cheese
حليب بالفهوة,8,Dairy & Cheese
حليب رايب,8,Dairy & Cheese
حليب ساخن,8,Dairy & Cheese
حليب طازج,8,Dairy & Cheese
حليب علب,8,Dairy & Cheese
حليب علب لتر,8,Dairy & Cheese
حليب علبة,8,Dairy & Cheese
حليب غ,8,Dairy & Cheese
حليب غبرة,8,Dairy & Cheese
حليب لبن,8,Dairy & Cheese
حليب مبستر,8,Dairy & Cheese
حليب معقم,8,Dairy & Cheese
حليب و لبن,8,Dairy & Cheese
حليب و مشتقاته,8,Dairy & Cheese
حليب(كوب),8,Dairy & Cheese
حليب(لبن),8,Dairy & Cheese
حليب.لبن,8,Dairy & Cheese
حليب/ لبن,8,Dairy & Cheese
حليب/لبن,8,Dairy & Cheese
حليب40غ,8,Dairy & Cheese
خبز / ياغورت / ماء,8,Dairy & Cheese
خبز ماء ياغورت معطر,8,Dairy & Cheese
خبز/ياغورت/ماء,8,Dairy & Cheese
شكلاطة بدرة بالحليب,8,Dairy & Cheese
علبة حليب,8,Dairy & Cheese
علبة حليب لتر,8,Dairy & Cheese
علبة ياغورت,8,Dairy & Cheese
قشدة,8,Dairy & Cheese
قشدة أو ياغورت معطر,8,Dairy & Cheese
قشدة او ياغورت,8,Dairy & Cheese
قشدة تحليلية,8,Dairy & Cheese
قشدة كراميل,8,Dairy & Cheese
قشدة محلاة,8,Dairy & Cheese
قشدة نحلية,8,Dairy & Cheese
قشدة/ياوورت,8,Dairy & Cheese
قھوة حليب,8,Dairy & Cheese
قھوھ حليب,8,Dairy & Cheese
كأس حليب,8,Dairy & Cheese
كأس حليب بالشكولاطة,8,Dairy & Cheese
كأس حليب بالشوكولاطة,8,Dairy & Cheese
كاس حليب,8,Dairy & Cheese
كاس حليب بالشكولاطة,8,Dairy & Cheese
كاس حليب بالشوكولاطة,8,Dairy & Cheese
كرام ديسار,8,Dairy & Cheese
كرام ديسار /ياغورت,8,Dairy & Cheese
كرام ديسار أو ممزوج,8,Dairy & Cheese
كرام ديسار أو ياغورت,8,Dairy & Cheese
كرام ديسار أو ياغورت عادي,8,Dairy & Cheese
كرام ديسار او ياغورت,8,Dairy & Cheese
كرام ديسار(1علبة),8,Dairy & Cheese
كرام ديسار/ ياغورت,8,Dairy & Cheese
كرام ديسار/ياغورت,8,Dairy & Cheese
كريم ديسار,8,Dairy & Cheese
كريم ديسار (1علبة),8,Dairy & Cheese
كريم ديسار أو أو ياغورت,8,Dairy & Cheese
كريم ديسار أو ياغورت,8,Dairy & Cheese
كريم ديسار أو ياورت,8,Dairy & Cheese
كريم ديسار(1علبة),8,Dairy & Cheese
كريم ديسار/ياغورت,8,Dairy & Cheese
كريم ديسير,8,Dairy & Cheese
كريم محلى قشدة,8,Dairy & Cheese
كريمة,8,Dairy & Cheese
كريمة قشدية,8,Dairy & Cheese
كوب حليب,8,Dairy & Cheese
كوب حليب - حريرة,8,Dairy & Cheese
كوب حليب/لبن,8,Dairy & Cheese
كوب لبن,8,Dairy & Cheese
لبن,8,Dairy & Cheese
لبن أو حليب,8,Dairy & Cheese
لبن .حليب,8,Dairy & Cheese
لبن / حليب علب لتر,8,Dairy & Cheese
لبن / حليب لتر,8,Dairy & Cheese
لبن / رايب,8,Dairy & Cheese
لبن /رايب,8,Dairy & Cheese
لبن أو رايب,8,Dairy & Cheese
لبن او حليب,8,Dairy & Cheese
لبن او رايب,8,Dairy & Cheese
لبن حسب الطلب,8,Dairy & Cheese
لبن حسب الطلب في حدود,8,Dairy & Cheese
لبن حليب,8,Dairy & Cheese
لبن علب,8,Dairy & Cheese
لبن في حدود الطلب,8,Dairy & Cheese
لبن قارورة,8,Dairy & Cheese
لبن/ حليب,8,Dairy & Cheese
لبن/حليب,8,Dairy & Cheese
لبن/رايب,8,Dairy & Cheese
مشتقات الحليب,8,Dairy & Cheese
منتجات الحليب,8,Dairy & Cheese
منتجات الحليب علبة,8,Dairy & Cheese
ياؤورت,8,Dairy & Cheese
ياؤورت (1علبة),8,Dairy & Cheese
ياؤورت / كريم ديسير,8,Dairy & Cheese
ياؤورت فلون,8,Dairy & Cheese
ياؤورت قارورات,8,Dairy & Cheese
ياؤورت قارورة,8,Dairy & Cheese
ياؤورت معطر,8,Dairy & Cheese
ياؤورت معطر / قشدة,8,Dairy & Cheese
ياؤورت ممزوج,8,Dairy & Cheese
ياعورت,8,Dairy & Cheese
ياغورت,8,Dairy & Cheese
ياغورت معطر,8,Dairy & Cheese
ياغورت (كريمة/معطر),8,Dairy & Cheese
ياغورت / كريم ديسار,8,Dairy & Cheese
ياغورت أو أو كريم ديسار,8,Dairy & Cheese
ياغورت او قشدة,8,Dairy & Cheese
ياغورت او كرام ديسار,8,Dairy & Cheese
ياغورت بالغواكه,8,Dairy & Cheese
ياغورت بالفاكھة,8,Dairy & Cheese
ياغورت عادي,8,Dairy & Cheese
ياغورت فروتي,8,Dairy & Cheese
ياغورت قارورة,8,Dairy & Cheese
ياغورت قشدة,8,Dairy & Cheese
ياغورت قشطة(وحدة),8,Dairy & Cheese
ياغورت كريمة,8,Dairy & Cheese
ياغورت كريمة علبة واحدة,8,Dairy & Cheese
ياغورت كريمة/معطر,8,Dairy & Cheese
ياغورت م/ك,8,Dairy & Cheese
ياغورت معطر / ماء,8,Dairy & Cheese
ياغورت معطر أو قشدة,8,Dairy & Cheese
ياغورت معطر او قشدة,8,Dairy & Cheese
ياغورت معطر علبة واحدة,8,Dairy & Cheese
ياغورت معطر/ ممزوج,8,Dairy & Cheese
ياغورت معطر/ماء,8,Dairy & Cheese
ياغورت ممزوج,8,Dairy & Cheese
ياغورت منكه,8,Dairy & Cheese
ياغورت(قشطة),8,Dairy & Cheese
ياغورت(معطر),8,Dairy & Cheese
ياغورت/قشدة,8,Dairy & Cheese
ياغورت/كرام ديسار,8,Dairy & Cheese
ياغورت/كريم ديسار,8,Dairy & Cheese
ياغورت100غ,8,Dairy & Cheese
ياغورث كريمة,8,Dairy & Cheese
ياغوورت,8,Dairy & Cheese
ياغوورت قارورة,8,Dairy & Cheese
ياغوورت معطر,8,Dairy & Cheese
ياقورت,8,Dairy & Cheese
ياقورت معطرة,8,Dairy & Cheese
ياوورت,8,Dairy & Cheese
ياوورت / قشدة,8,Dairy & Cheese
ياوورت أو بيض مغلي,8,Dairy & Cheese
ياوورت علب,8,Dairy & Cheese
ياوورت قارورة,8,Dairy & Cheese
ياوورت قشطة,8,Dairy & Cheese
ياوورت كريمة,8,Dairy & Cheese
ياوورت معطر,8,Dairy & Cheese
ياوورت ممزوج,8,Dairy & Cheese
ياوورث,8,Dairy & Cheese
ياوورث معطر,8,Dairy & Cheese
ياوورث ممزوج,8,Dairy & Cheese
يايورت قشدة,8,Dairy & Cheese
يغورت كريمة,8,Dairy & Cheese
Salade,9,Vegetables & Salads
Salade Variée,9,Vegetables & Salads
Salade de bettrave,9,Vegetables & Salads
Salade riche,9,Vegetables & Salads
Salade variée,9,Vegetables & Salads
Salade verte,9,Vegetables & Salads
salade variée,9,Vegetables & Salads
salade verte,9,Vegetables & Salads
أردوف خضروات,9,Vegetables & Salads
أردوف شمندر,9,Vegetables & Salads
أوردافر,9,Vegetables & Salads
أوردوفر,9,Vegetables & Salads
الافطار: سلطة متنوعة,9,Vegetables & Salads
الدرة,9,Vegetables & Salads
الذرة,9,Vegetables & Salads
الفطريات,9,Vegetables & Salads
اوردافر,9,Vegetables & Salads
باذنجان,9,Vegetables & Salads
بسباس,9,Vegetables & Salads
بيطراف,9,Vegetables & Salads
جزر,9,Vegetables & Salads
جزر فيشي,9,Vegetables & Salads
جزر مشرملة,9,Vegetables & Salads
جزر مفروم,9,Vegetables & Salads
حسب الطلب) سلطة متنوعة,9,Vegetables & Salads
حميس أو فلفل مقلي,9,Vegetables & Salads
حميص أو فلفل مقلي,9,Vegetables & Salads
خس,9,Vegetables & Salads
خضار,9,Vegetables & Salads
خضار سوتي,9,Vegetables & Salads
خضار سوتيه,9,Vegetables & Salads
خضار متنوعة,9,Vegetables & Salads
خضار محشية,9,Vegetables & Salads
خضار مقلية,9,Vegetables & Salads
خضر,9,Vegetables & Salads
خضر صوتي,9,Vegetables & Salads
خضر متنوعة,9,Vegetables & Salads
خضر محشية,9,Vegetables & Salads
خضر مشكلة,9,Vegetables & Salads
خضروات,9,Vegetables & Salads
خيار,9,Vegetables & Salads
دولما بالخضار,9,Vegetables & Salads
زيتون أخضر,9,Vegetables & Salads
زيتون أخضر بدون نواة,9,Vegetables & Salads
زيتون اخضر,9,Vegetables & Salads
س . طماطم,9,Vegetables & Salads
س طماطم,9,Vegetables & Salads
س. طماطم,9,Vegetables & Salads
سلاطة,9,Vegetables & Salads
سلاطة جزائرية,9,Vegetables & Salads
سلاطة ماسيدوان,9,Vegetables & Salads
سلاطة متنوعة,9,Vegetables & Salads
سلاطة (ماسيدوان),9,Vegetables & Salads
سلاطة .م,9,Vegetables & Salads
سلاطة أردوف,9,Vegetables & Salads
سلاطة أوردافر,9,Vegetables & Salads
سلاطة الجزر والشمندر(جزر),9,Vegetables & Salads
سلاطة الخس,9,Vegetables & Salads
سلاطة الشمندر,9,Vegetables & Salads
سلاطة المتنوعة,9,Vegetables & Salads
سلاطة اورداف,9,Vegetables & Salads
سلاطة اوردافر,9,Vegetables & Salads
سلاطة بالخضار متنوعة,9,Vegetables & Salads
سلاطة بالعجاىن,9,Vegetables & Salads
سلاطة بسباس,9,Vegetables & Salads
سلاطة بسباس متنوعة,9,Vegetables & Salads
سلاطة بسباس(بسباس),9,Vegetables & Salads
سلاطة بطراف,9,Vegetables & Salads
سلاطة بيطراف,9,Vegetables & Salads
سلاطة بيطراف بالمعدنوس و الثوم,9,Vegetables & Salads
سلاطة بيطراف متنوعة,9,Vegetables & Salads
سلاطة تنوعة,9,Vegetables & Salads
سلاطة جزاءرية,9,Vegetables & Salads
سلاطة جزائريه,9,Vegetables & Salads
سلاطة جزارية,9,Vegetables & Salads
سلاطة جزاىرية,9,Vegetables & Salads
سلاطة جزايرية,9,Vegetables & Salads
سلاطة جزر متنوعة,9,Vegetables & Salads
سلاطة جزر و الشمندر المبشور,9,Vegetables & Salads
سلاطة جزر و شمندر,9,Vegetables & Salads
سلاطة جزر و شمندر مبشور,9,Vegetables & Salads
سلاطة حص,9,Vegetables & Salads
سلاطة خ,9,Vegetables & Salads
سلاطة خاصة,9,Vegetables & Salads
سلاطة خس,9,Vegetables & Salads
سلاطة خس أو متنوعة,9,Vegetables & Salads
سلاطة خص,9,Vegetables & Salads
سلاطة خصراء,9,Vegetables & Salads
سلاطة خضر,9,Vegetables & Salads
سلاطة خضراء,9,Vegetables & Salads
سلاطة خضراء متنوعة,9,Vegetables & Salads
سلاطة خضراء مشكلة,9,Vegetables & Salads
سلاطة خضراء(خس),9,Vegetables & Salads
سلاطة شمندر,9,Vegetables & Salads
سلاطة شمندر (أردوف),9,Vegetables & Salads
سلاطة شمندر متنوعة,9,Vegetables & Salads
سلاطة طماطم,9,Vegetables & Salads
سلاطة كرمب,9,Vegetables & Salads
سلاطة كرنب,9,Vegetables & Salads
سلاطة كرنب متنوعة,9,Vegetables & Salads
سلاطة كروم,9,Vegetables & Salads
سلاطة م,9,Vegetables & Salads
سلاطة ماسبدوان,9,Vegetables & Salads
سلاطة ماسدوان,9,Vegetables & Salads
سلاطة مانوعة,9,Vegetables & Salads
سلاطة متنوع,9,Vegetables & Salads
سلاطة متنوعة (خس),9,Vegetables & Salads
سلاطة متنوعة /بطراف,9,Vegetables & Salads
سلاطة متنوعة :سلطة,9,Vegetables & Salads
سلاطة متنوعة او خس,9,Vegetables & Salads
سلاطة متنوعة خضراء,9,Vegetables & Salads
سلاطة متنوعة( خضر),9,Vegetables & Salads
سلاطة متنوعة( سلاطة خضراء),9,Vegetables & Salads
سلاطة متنوعة(بسباس),9,Vegetables & Salads
سلاطة متنوعة(بطراف),9,Vegetables & Salads
سلاطة متنوعة(خس),9,Vegetables & Salads
سلاطة متنوعة(خضر),9,Vegetables & Salads
سلاطة متنوعة(سلاطة خضراء),9,Vegetables & Salads
سلاطة متنوعة(سلطة),9,Vegetables & Salads
سلاطة متنوعة(طماطم),9,Vegetables & Salads
سلاطة متنوعة01,9,Vegetables & Salads
سلاطة متنوعة02,9,Vegetables & Salads
سلاطة متنوعة1,9,Vegetables & Salads
سلاطة متنوعة2,9,Vegetables & Salads
سلاطة متنوعه,9,Vegetables & Salads
سلاطة متوعة,9,Vegetables & Salads
سلاطة مجموع المكونات,9,Vegetables & Salads
سلاطة مسيدوان,9,Vegetables & Salads
سلاطة مشكلة,9,Vegetables & Salads
سلاطة مقدونية,9,Vegetables & Salads
سلاطة منتوعة,9,Vegetables & Salads
سلاطة.م,9,Vegetables & Salads
سلاطة2,9,Vegetables & Salads
سلاطةمتنوعة,9,Vegetables & Salads
سلط متنوعة,9,Vegetables & Salads
سلطة,9,Vegetables & Salads
سلطة مشكلة ( بالمكونات),9,Vegetables & Salads
سلطة جزائرية,9,Vegetables & Salads
سلطة شمندر,9,Vegetables & Salads
سلطة متنوعة,9,Vegetables & Salads
سلطة (بيطراف),9,Vegetables & Salads
سلطة أردوف,9,Vegetables & Salads
سلطة أوردوفر,9,Vegetables & Salads
سلطة الجزر والشمندر(جزر),9,Vegetables & Salads
سلطة الخس,9,Vegetables & Salads
سلطة الخيار,9,Vegetables & Salads
سلطة الشمندر,9,Vegetables & Salads
سلطة الشمندر الأحمر,9,Vegetables & Salads
سلطة الشمندر الاحمر,9,Vegetables & Salads
سلطة الشمندر و الجزر,9,Vegetables & Salads
سلطة الشمندر والجزر,9,Vegetables & Salads
سلطة الطماطم,9,Vegetables & Salads
سلطة القارنون,9,Vegetables & Salads
سلطة الكرنب,9,Vegetables & Salads
سلطة اوردافر,9,Vegetables & Salads
سلطة اوردوفر,9,Vegetables & Salads
سلطة باردة,9,Vegetables & Salads
سلطة بالخضار,9,Vegetables & Salads
سلطة بالخضار متنوعة,9,Vegetables & Salads
سلطة بسباس,9,Vegetables & Salads
سلطة بسباس متنوعة,9,Vegetables & Salads
سلطة بسباس وزيتون,9,Vegetables & Salads
سلطة بطراف,9,Vegetables & Salads
سلطة بيتراف,9,Vegetables & Salads
سلطة بيطراف,9,Vegetables & Salads
سلطة بيطراف ( بيطراف),9,Vegetables & Salads
سلطة بيطراف بالمعدنوس و الثوم,9,Vegetables & Salads
سلطة تنوعة,9,Vegetables & Salads
سلطة تورصادي,9,Vegetables & Salads
سلطة جزائرية ( زيتون),9,Vegetables & Salads
سلطة جزائرية (زيتون),9,Vegetables & Salads
سلطة جزائرية150غ,9,Vegetables & Salads
سلطة جزائريه,9,Vegetables & Salads
سلطة جزارية,9,Vegetables & Salads
سلطة جزاىرية,9,Vegetables & Salads
سلطة جزر,9,Vegetables & Salads
سلطة جزر مبشور / شمندر مبشور / شرائح طماطم / زيتون أخضر,9,Vegetables & Salads
سلطة جزر مبشور / شمندر مبشور / شرائح طماطم/زيتون أخضر,9,Vegetables & Salads
سلطة جزر مبشور و شمندر مبشور و طماطم و زيتون اخضر,9,Vegetables & Salads
سلطة جزر و الشمندر,9,Vegetables & Salads
سلطة جزر و شمندر مبشور,9,Vegetables & Salads
سلطة جزر:كرم,9,Vegetables & Salads
سلطة حشيش,9,Vegetables & Salads
سلطة خس,9,Vegetables & Salads
سلطة خس بالزيتون,9,Vegetables & Salads
سلطة خس بالزيتون الأسود,9,Vegetables & Salads
سلطة خس بالزيتون الاسود,9,Vegetables & Salads
سلطة خس بالزيتون والطماطم,9,Vegetables & Salads
سلطة خص,9,Vegetables & Salads
سلطة خصراء,9,Vegetables & Salads
سلطة خضار,9,Vegetables & Salads
سلطة خضار مسلوقة,9,Vegetables & Salads
سلطة خضر,9,Vegetables & Salads
سلطة خضراء,9,Vegetables & Salads
سلطة خضراء (زيتون),9,Vegetables & Salads
سلطة خضراء مع الجزر و الشمندر,9,Vegetables & Salads
سلطة خضراء وخضار مبشورة,9,Vegetables & Salads
سلطة خضراء(خس),9,Vegetables & Salads
سلطة خيار,9,Vegetables & Salads
سلطة شمدر,9,Vegetables & Salads
سلطة شمندر أحمر,9,Vegetables & Salads
سلطة شمندر احمر,9,Vegetables & Salads
سلطة شمندر و جزر,9,Vegetables & Salads
سلطة طماطم,9,Vegetables & Salads
سلطة قرنبيط,9,Vegetables & Salads
سلطة كتنوعة,9,Vegetables & Salads
سلطة كرم,9,Vegetables & Salads
سلطة كرمب,9,Vegetables & Salads
سلطة كرنب,9,Vegetables & Salads
سلطة م,9,Vegetables & Salads
سلطة ماسدوان,9,Vegetables & Salads
سلطة ماسيدوان,9,Vegetables & Salads
سلطة ماسيدوان متنوعة,9,Vegetables & Salads
سلطة ماسيدوان مع الذرة,9,Vegetables & Salads
سلطة متتوعة,9,Vegetables & Salads
سلطة متموعة,9,Vegetables & Salads
سلطة متنعة,9,Vegetables & Salads
سلطة متنو عة,9,Vegetables & Salads
سلطة متنوعة ( بيطراف),9,Vegetables & Salads
سلطة متنوعة ( بيطراف مفروم),9,Vegetables & Salads
سلطة متنوعة ( خيار),9,Vegetables & Salads
سلطة متنوعة ( جزر. طماطم .بسباس .بيطراف .زيتون),9,Vegetables & Salads
سلطة متنوعة ( خس أخضر جزر. طماطم بسباس.زيتون),9,Vegetables & Salads
سلطة متنوعة ( سلطة خضراء),9,Vegetables & Salads
سلطة متنوعة (بصل),9,Vegetables & Salads
سلطة متنوعة (جزر),9,Vegetables & Salads
سلطة متنوعة (جزر. طماطم.بسباس.خيار.زيتون),9,Vegetables & Salads
سلطة متنوعة (جزر.طماطم.بسباس.بيطراف.زيتون),9,Vegetables & Salads
سلطة متنوعة (جزر.طماطم.بسباس.خيار.زيتون),9,Vegetables & Salads
سلطة متنوعة (جزر.طماطم.خيار.بيطراف.زيتون),9,Vegetables & Salads
سلطة متنوعة (حسب الطلب),9,Vegetables & Salads
سلطة متنوعة (خس أخضر. جزر. طماطم بسباس .زيتون),9,Vegetables & Salads
سلطة متنوعة (خس أخضر. جزر. طماطم بسباس..زيتون),9,Vegetables & Salads
سلطة متنوعة (خس أخضر. جزر. طماطم بسباس.زيتون),9,Vegetables & Salads
سلطة متنوعة (خس اخضر.جزر.طماطم.بسباس..زيتون),9,Vegetables & Salads
سلطة متنوعة (خس اخضر.جزر.طماطم.بسباس.زيتون),9,Vegetables & Salads
سلطة متنوعة (طماطم-خيار-جزر-زيتون),9,Vegetables & Salads
سلطة متنوعة بالماسيدوان,9,Vegetables & Salads
سلطة متنوعة جزائرية,9,Vegetables & Salads
سلطة متنوعة حسب الطلب,9,Vegetables & Salads
سلطة متنوعة ماسيدوان,9,Vegetables & Salads
سلطة متنوعة 🥗,9,Vegetables & Salads
سلطة متنوعة( بالمكونات),9,Vegetables & Salads
سلطة متنوعة( طماطم.شمندر.جزر.خيار.زيتون اسود),9,Vegetables & Salads
سلطة متنوعة(جزر طماطم بسباس خيار زيتون),9,Vegetables & Salads
سلطة متنوعة(خس),9,Vegetables & Salads
سلطة متنوعة(سلطة),9,Vegetables & Salads
سلطة متنوعة(طماطم),9,Vegetables & Salads
سلطة متنوعة(طماطم -خيار-جزر-زيتون-شمندر),9,Vegetables & Salads
سلطة متنوعة)جزر,9,Vegetables & Salads
سلطة متنوعة/سلطة الخس,9,Vegetables & Salads
سلطة متنوعة/سلطة كرنب,9,Vegetables & Salads
سلطة متنوعة/سلطةالخس,9,Vegetables & Salads
سلطة متنوعة02,9,Vegetables & Salads
سلطة متنوعة1,9,Vegetables & Salads
سلطة متنوعة2,9,Vegetables & Salads
سلطة متنوعة: جزر,9,Vegetables & Salads
سلطة متنوعة: خس,9,Vegetables & Salads
سلطة متنوعة: كرم,9,Vegetables & Salads
سلطة متنوعة:جزر,9,Vegetables & Salads
سلطة متنوعة:خس,9,Vegetables & Salads
سلطة متنوعة:خيار,9,Vegetables & Salads
سلطة متنوعة:طماطم,9,Vegetables & Salads
سلطة متنوعة:طماطم حب,9,Vegetables & Salads
سلطة متنوعة:كرم,9,Vegetables & Salads
سلطة متنوعه,9,Vegetables & Salads
سلطة متوعة,9,Vegetables & Salads
سلطة مسيدوان,9,Vegetables & Salads
سلطة مشكلة,9,Vegetables & Salads
سلطة مشكلة( بالمكونات),9,Vegetables & Salads
سلطة مشويات (فلفل),9,Vegetables & Salads
سلطة مشوية,9,Vegetables & Salads
سلطة مقدونية,9,Vegetables & Salads
سلطة منوعة,9,Vegetables & Salads
سلطة 🥗 متنوعة,9,Vegetables & Salads
سلطة. متنوعة,9,Vegetables & Salads
سلطة.م,9,Vegetables & Salads
سلطة: بسباس,9,Vegetables & Salads
سلطة: جزر,9,Vegetables & Salads
سلطة: خيار,9,Vegetables & Salads
سلطة: شمندر,9,Vegetables & Salads
سلطةجزائرية,9,Vegetables & Salads
سلطةجزائرية (بصل),9,Vegetables & Salads
سلطةمتنوعة,9,Vegetables & Salads
سلطـة متنوعـة,9,Vegetables & Salads
سلطـــة متنوعــــة,9,Vegetables & Salads
سلطنة متنوعة,9,Vegetables & Salads
سلطه جزائريه,9,Vegetables & Salads
سلطه ماسيدوان,9,Vegetables & Salads
سلطه متنوعه,9,Vegetables & Salads
سلطو متنوعة,9,Vegetables & Salads
سوفلي أو خضار مقلية,9,Vegetables & Salads
سوفلي او خضار مقلية,9,Vegetables & Salads
شرائح الزيتون بالفطر,9,Vegetables & Salads
شرائح الزيتون و الفطر,9,Vegetables & Salads
شربـة خضار,9,Vegetables & Salads
شربـــــــة خضار,9,Vegetables & Salads
شكشوكا فلفلة,9,Vegetables & Salads
شمندر,9,Vegetables & Salads
شمندر أحمر,9,Vegetables & Salads
شوفلور,9,Vegetables & Salads
شوفلور مقلي,9,Vegetables & Salads
طبق الخضار,9,Vegetables & Salads
طبق الفلفل,9,Vegetables & Salads
طبق بالفرن بخضر متنوعة,9,Vegetables & Salads
طرشي,9,Vegetables & Salads
طماطم,9,Vegetables & Salads
طماطم جزر,9,Vegetables & Salads
طماطم حب,9,Vegetables & Salads
طماطم وزيتون,9,Vegetables & Salads
عصيدة الخضر,9,Vegetables & Salads
عين سبنيولية مع صوص بلونش و زيتون و فطر,9,Vegetables & Salads
غراتة خضر بالجبن,9,Vegetables & Salads
غراتن بسباس,9,Vegetables & Salads
غراطن خضر,9,Vegetables & Salads
غراطن خضر بالحم,9,Vegetables & Salads
غرتان الشوفلور,9,Vegetables & Salads
فاصوليا خضراء,9,Vegetables & Salads
فطر,9,Vegetables & Salads
فطر بلحم العجل قطع,9,Vegetables & Salads
فلفل,9,Vegetables & Salads
فلفل / شوفلور,9,Vegetables & Salads
فلفل أخضر,9,Vegetables & Salads
فلفل أخضر وزيتون,9,Vegetables & Salads
فلفل اخضر,9,Vegetables & Salads
فلفل محشي,9,Vegetables & Salads
فلفل مقلي,9,Vegetables & Salads
فلفل و كورجات محشي,9,Vegetables & Salads
فلفلة,9,Vegetables & Salads
فلفلة شكشوكا,9,Vegetables & Salads
قراتا خضر,9,Vegetables & Salads
قراتة بالخضر,9,Vegetables & Salads
قرعة,9,Vegetables & Salads
قرنبيط,9,Vegetables & Salads
ماسيدوان,9,Vegetables & Salads
ماسيدوان متنوعة,9,Vegetables & Salads
ماسيدوان)سلاطة,9,Vegetables & Salads
محشي بالخضر,9,Vegetables & Salads
محشي كرم أخضر,9,Vegetables & Salads
ملفوف أخضر,9,Vegetables & Salads
Chorba,10,Soups & Broths
Hrira,10,Soups & Broths
الحساء,10,Soups & Broths
الخضر بالمرق,10,Soups & Broths
الشوربة,10,Soups & Broths
المرق,10,Soups & Broths
بروكلو مرق,10,Soups & Broths
بطاطا بالمرق,10,Soups & Broths
بطاطا مرحية بالمرق,10,Soups & Broths
بطاطا مقلية بمرق الزيتون,10,Soups & Broths
حريرة,10,Soups & Broths
حريرة (حساء),10,Soups & Broths
حريرة أو شوربة,10,Soups & Broths
حريرة اوشربة,10,Soups & Broths
حريرة اوشربة40غ,10,Soups & Broths
حريرة تشيشة,10,Soups & Broths
حريرة خضر,10,Soups & Broths
حريرة فريك,10,Soups & Broths
حريرة فرينة,10,Soups & Broths
حريرة( بالمكونات),10,Soups & Broths
حريرة-سلاطة,10,Soups & Broths
حريرة/سلاطة,10,Soups & Broths
حساء,10,Soups & Broths
حساء ( شربة فريك),10,Soups & Broths
حساء ( شربة فريك أو حريرة أو خضر),10,Soups & Broths
حساء ( شربة فريك أو خضار أو حريرة),10,Soups & Broths
حساء ( شربة فريك أو خضر),10,Soups & Broths
حساء ( شربة فريك أو خضر أو حريرة),10,Soups & Broths
حساء ( شربة فريك او خضار),10,Soups & Broths
حساء ( شربة فريك او خضر),10,Soups & Broths
حساء ( شربة فريك او خضر او حريرة),10,Soups & Broths
حساء (شربة أو حريرة),10,Soups & Broths
حساء (شربة او حريرة),10,Soups & Broths
حساء (شربة فريك أو خضر أو حريرة),10,Soups & Broths
حساء (فريك),10,Soups & Broths
حساء / شربة,10,Soups & Broths
حساء / شوربة,10,Soups & Broths
حساء /شربة,10,Soups & Broths
حساء /شوربة,10,Soups & Broths
حساء أو ( سلطة متنوعة ( سلطة خضراء)),10,Soups & Broths
حساء أو شربة,10,Soups & Broths
حساء أو شوربة,10,Soups & Broths
حساء البزلاء,10,Soups & Broths
حساء البزلاء المكسرة,10,Soups & Broths
حساء الحريرة,10,Soups & Broths
حساء الخضار,10,Soups & Broths
حساء الخضر,10,Soups & Broths
حساء الخضر/ حريرة,10,Soups & Broths
حساء الخضروات,10,Soups & Broths
حساء الخظر,10,Soups & Broths
حساء الشوبة,10,Soups & Broths
حساء الشوربة,10,Soups & Broths
حساء الشوربة /عصيدة الباطاطا,10,Soups & Broths
حساء او شربة,10,Soups & Broths
حساء او شوربة,10,Soups & Broths
حساء بالبزلاء المكسرة,10,Soups & Broths
حساء بالخضار,10,Soups & Broths
حساء بالخضر,10,Soups & Broths
حساء حريرة,10,Soups & Broths
حساء خضار,10,Soups & Broths
حساء خضر,10,Soups & Broths
حساء خضراوات,10,Soups & Broths
حساء خضروات,10,Soups & Broths
حساء خضروات بالجبن,10,Soups & Broths
حساء شربة,10,Soups & Broths
حساء شربة فريك,10,Soups & Broths
حساء شربة/فريك,10,Soups & Broths
حساء شعيريات,10,Soups & Broths
حساء شوبة,10,Soups & Broths
حساء شوربة,10,Soups & Broths
حساء شوربة أو حريرة,10,Soups & Broths
حساء شوربة لسان الطير,10,Soups & Broths
حساء فريك,10,Soups & Broths
حساء لسان الطير,10,Soups & Broths
حساء(خضار),10,Soups & Broths
حساء(شربة فريك/خضر/حريرة),10,Soups & Broths
حساء(فريك),10,Soups & Broths
حساء/تشيشة,10,Soups & Broths
حساء/سلطة,10,Soups & Broths
حساء/شربة,10,Soups & Broths
حساء/شوربة,10,Soups & Broths
خضار بالمرق,10,Soups & Broths
خضر بالمرق,10,Soups & Broths
خضر بالمرق أو باذنجان بالمرق,10,Soups & Broths
خضر محشي بالمرق,10,Soups & Broths
راكو مرقة,10,Soups & Broths
رشتة بالمرق,10,Soups & Broths
زيتون بدون نواة مرقة,10,Soups & Broths
زيتون مرق,10,Soups & Broths
سلاطة متنوعة / شربة,10,Soups & Broths
سلاطة متنوعة/ شربة,10,Soups & Broths
سلاطة متنوعة/ حساء الخظر,10,Soups & Broths
سلاطة متنوعة/حساء الخظر,10,Soups & Broths
سلاطة متنوعة/شربة,10,Soups & Broths
سلاطة/حريرة,10,Soups & Broths
سلطة او حساء,10,Soups & Broths
سلطة متنوعة ( جزر.طماطم.بسباس.خيار.زيتون)او حساء/شربة,10,Soups & Broths
سلطة متنوعة (جزر.طماطم.بسباس.بيطراف.زيتون) او حساء او شربة,10,Soups & Broths
سلطة متنوعة (جزر.طماطم.بسباس.خيار.زيتون) او حساء او شربة,10,Soups & Broths
سلطة متنوعة /حساء,10,Soups & Broths
سلطة متنوعة أو حساء أو شربة,10,Soups & Broths
سلطة متنوعة أو حساء او شربة,10,Soups & Broths
سلطة متنوعة او حساء او شربة,10,Soups & Broths
سلطة متنوعة او حساء/شربة,10,Soups & Broths
سلطة متنوعة او شربة,10,Soups & Broths
سلطة متنوعة/ حساء,10,Soups & Broths
سلطة متنوعة/حساء,10,Soups & Broths
سلطة متنوعة/حساء او شربة,10,Soups & Broths
سلطة متنوعة/شربة,10,Soups & Broths
شرائح بطاطا ممرقة,10,Soups & Broths
شربة,10,Soups & Broths
شربة فريك,10,Soups & Broths
شربة فريك او حساء خضر بلحم الخروف,10,Soups & Broths
شربة / سلاطة متنوعة,10,Soups & Broths
شربة /حساء,10,Soups & Broths
شربة /سلطة متنوعة,10,Soups & Broths
شربة أو حساء,10,Soups & Broths
شربة او حريرة,10,Soups & Broths
شربة او حساء,10,Soups & Broths
شربة او حساء خضر,10,Soups & Broths
شربة بالشعيرات,10,Soups & Broths
شربة بلحم الخروف,10,Soups & Broths
شربة بلحم العجل,10,Soups & Broths
شربة حمراء,10,Soups & Broths
شربة خضار,10,Soups & Broths
شربة خضر,10,Soups & Broths
شربة دويدية,10,Soups & Broths
شربة شعرية,10,Soups & Broths
شربة شعيرات,10,Soups & Broths
شربة شعيرة,10,Soups & Broths
شربة شعيريات,10,Soups & Broths
شربة فارمسال,10,Soups & Broths
شربة فارمسيال,10,Soups & Broths
شربة فرمسال,10,Soups & Broths
شربة فريك ( لحم الخروف),10,Soups & Broths
شربة فريك (لحم الخروف),10,Soups & Broths
شربة فريك (لحم خ),10,Soups & Broths
شربة فريك /حريرة,10,Soups & Broths
شربة فريك او حريرة,10,Soups & Broths
شربة فريك او حريرة ( لحم الخروف),10,Soups & Broths
شربة فريك او حريرة (لحم الخروف),10,Soups & Broths
شربة فريك او حساء بلحم الخروف,10,Soups & Broths
شربة فريك او حساء خضار بلحم الخروف,10,Soups & Broths
شربة فريك او خضار ) حساء,10,Soups & Broths
شربة فريك بالحم,10,Soups & Broths
شربة فريك بلحم,10,Soups & Broths
شربة فريك بلحم الخروف,10,Soups & Broths
شربة فريك بلحم الخروف (فريك),10,Soups & Broths
شربة فريك بلحم الخروف الطازج,10,Soups & Broths
شربة فريك بلحم الخروف( لحم)//حساء خضار,10,Soups & Broths
شربة فريك بلحم الخروف//حساء خضار,10,Soups & Broths
شربة فريك بلحم العجل,10,Soups & Broths
شربة فريك بلحم خ,10,Soups & Broths
شربة فريك(لحم خ),10,Soups & Broths
شربة فريك/حريرة,10,Soups & Broths
شربة فريك/حساء الخضر,10,Soups & Broths
شربة فريك/حساء بالخضر,10,Soups & Broths
شربة فريك/لسان الطير,10,Soups & Broths
شربة لسان الطير,10,Soups & Broths
شربة مفورة,10,Soups & Broths
شربة/ سلاطة متنوعة,10,Soups & Broths
شربة/حساء,10,Soups & Broths
شربة/سلطة متنوعة,10,Soups & Broths
شربةفريك,10,Soups & Broths
شربه فريك,10,Soups & Broths
شوربة,10,Soups & Broths
شوربة ( حريرة),10,Soups & Broths
شوربة (حريرة),10,Soups & Broths
شوربة (حساء),10,Soups & Broths
شوربة أو حريرة,10,Soups & Broths
شوربة أو حساء الخضر,10,Soups & Broths
شوربة أوحساء الخضر,10,Soups & Broths
شوربة او حريرة,10,Soups & Broths
شوربة او حساء,10,Soups & Broths
شوربة او حساء الخضر,10,Soups & Broths
شوربة بلحم الخروف,10,Soups & Broths
شوربة حريرة,10,Soups & Broths
شوربة حمراء,10,Soups & Broths
شوربة خضار,10,Soups & Broths
شوربة شعرية,10,Soups & Broths
شوربة فريك,10,Soups & Broths
شوربة فريك بلحم الخروف,10,Soups & Broths
شوربة فيرميسال,10,Soups & Broths
شوربة لسان الطير,10,Soups & Broths
شوربة لسان طير,10,Soups & Broths
شوربة( بالمكونات),10,Soups & Broths
شوربة/حساء,10,Soups & Broths
طاجين الزيتون بالمرق,10,Soups & Broths
عجاءن بالمرق,10,Soups & Broths
قطع لحم صغيرة بالمرق,10,Soups & Broths
قطع لحم صغيرة مع مرق,10,Soups & Broths
كرومب مرق,10,Soups & Broths
لحم بالمرق,10,Soups & Broths
لحم خ)شربة فريك,10,Soups & Broths
لحم مرحي ممرق,10,Soups & Broths
لحم ممرق,10,Soups & Broths
ماسدوان/ شربة,10,Soups & Broths
مرق,10,Soups & Broths
مرق احمر بالخضر,10,Soups & Broths
مرق الخضار,10,Soups & Broths
مرق الخضر,10,Soups & Broths
مرق الزيتون,10,Soups & Broths
مرق الزيتون بالفريت,10,Soups & Broths
مرق الزيتون بالفطر,10,Soups & Broths
مرق بالخضار,10,Soups & Broths
مرق بالخضار و الزيتون,10,Soups & Broths
مرق بالخضر,10,Soups & Broths
مرق بالخضروات,10,Soups & Broths
مرق بالزيتون,10,Soups & Broths
مرق بالزيتون بطاطا قارني,10,Soups & Broths
مرق بذنجان,10,Soups & Broths
مرق بروكلو,10,Soups & Broths
مرق بسباس,10,Soups & Broths
مرق خضار,10,Soups & Broths
مرق خضار بالزيتون,10,Soups & Broths
مرق خضار قطع,10,Soups & Broths
مرق خضر,10,Soups & Broths
مرق خضروات,10,Soups & Broths
مرق دولمة,10,Soups & Broths
مرق زيتون,10,Soups & Broths
مرق زيتون اخضر,10,Soups & Broths
مرق زيتون بالبطاطا قارني,10,Soups & Broths
مرق زيتون بطاطا قارني,10,Soups & Broths
مرق زيتون مع بطاطا فريت,10,Soups & Broths
مرق شيفلور,10,Soups & Broths
مرق كرم,10,Soups & Broths
مرق كرمبل,10,Soups & Broths
مرق كرومب,10,Soups & Broths
مرق لحم,10,Soups & Broths
مرق لسان الطير,10,Soups & Broths
مرق مشكل,10,Soups & Broths
مرقة خضار,10,Soups & Broths
مرقة راقو,10,Soups & Broths
مرقة زيتون,10,Soups & Broths
Tadjine zitoune,11,Cooked Dishes & Stews
Tajine sucré,11,Cooked Dishes & Stews
tadjine zitoune,11,Cooked Dishes & Stews
أملات أو شكشوكة,11,Cooked Dishes & Stews
البوراك,11,Cooked Dishes & Stews
بوراك,11,Cooked Dishes & Stews
بوراك / ميني بيتزا / فولوفون,11,Cooked Dishes & Stews
بوراك /فولوفون,11,Cooked Dishes & Stews
بوراك أو سوفلي,11,Cooked Dishes & Stews
بوراك أو فطائر,11,Cooked Dishes & Stews
بوراك أو معقودة,11,Cooked Dishes & Stews
بوراك أو مملحات,11,Cooked Dishes & Stews
بوراك او سوفلي,11,Cooked Dishes & Stews
بوراك او كيش,11,Cooked Dishes & Stews
بوراك اوكيش,11,Cooked Dishes & Stews
بوراك لحم,11,Cooked Dishes & Stews
بوراك/ فولوفون,11,Cooked Dishes & Stews
بوراك/شرمولة,11,Cooked Dishes & Stews
بوراك/فولوفون,11,Cooked Dishes & Stews
بوراك/ميني بيزا,11,Cooked Dishes & Stews
بورك,11,Cooked Dishes & Stews
بيتزا أو بوراك,11,Cooked Dishes & Stews
بيتزا او بوراك,11,Cooked Dishes & Stews
تريدة,11,Cooked Dishes & Stews
تريدة / شخشوخة,11,Cooked Dishes & Stews
تشكشوكة,11,Cooked Dishes & Stews
حميص / شكشوكة,11,Cooked Dishes & Stews
حميص /شكشوكة,11,Cooked Dishes & Stews
خضروات / gratin,11,Cooked Dishes & Stews
خضروات/gratin,11,Cooked Dishes & Stews
دولمة,11,Cooked Dishes & Stews
دولمة بلحم العجل,11,Cooked Dishes & Stews
دولمة خضار,11,Cooked Dishes & Stews
دولمة خضر محشية,11,Cooked Dishes & Stews
دولمة زيتون,11,Cooked Dishes & Stews
دولمة سكالوب,11,Cooked Dishes & Stews
دولمة لحم,11,Cooked Dishes & Stews
دولمة محشية,11,Cooked Dishes & Stews
راقو,11,Cooked Dishes & Stews
راقو ( بالمكونات),11,Cooked Dishes & Stews
راقو(بطاط),11,Cooked Dishes & Stews
راقو/ قراتان,11,Cooked Dishes & Stews
رولي,11,Cooked Dishes & Stews
رولي / تارتولات,11,Cooked Dishes & Stews
رولي /تارتولات,11,Cooked Dishes & Stews
رولي بالجبن,11,Cooked Dishes & Stews
رولي بالزيتون,11,Cooked Dishes & Stews
رولي سكالوب,11,Cooked Dishes & Stews
رولي لحم,11,Cooked Dishes & Stews
رولي/تارتولات,11,Cooked Dishes & Stews
زيتون طاجين,11,Cooked Dishes & Stews
شخشوخة,11,Cooked Dishes & Stews
شخشوخة / مقرطفة,11,Cooked Dishes & Stews
شخشوخة الضفر,11,Cooked Dishes & Stews
شخشوخة الظفر,11,Cooked Dishes & Stews
شخشوخة او مقرطفة,11,Cooked Dishes & Stews
شخشوخة تريدة,11,Cooked Dishes & Stews
شخشوخة/مقرطفة,11,Cooked Dishes & Stews
شرمولة,11,Cooked Dishes & Stews
شكشوكة,11,Cooked Dishes & Stews
شكشوكة خضر,11,Cooked Dishes & Stews
شكشوكة سكالوب,11,Cooked Dishes & Stews
شكشوكة فلفلة,11,Cooked Dishes & Stews
شكشوكة قرنبيط,11,Cooked Dishes & Stews
شكشوكه فلفله,11,Cooked Dishes & Stews
طاجين زيتون,11,Cooked Dishes & Stews
طاجين الجبن,11,Cooked Dishes & Stews
طاجين الجبن بالصلصة,11,Cooked Dishes & Stews
طاجين الجبن بصلصة الزيتون,11,Cooked Dishes & Stews
طاجين الجبن بصلصة الزيتون المقطع و الفطر,11,Cooked Dishes & Stews
طاجين الجبن بصلصة الزيتون مقطع,11,Cooked Dishes & Stews
طاجين الخضر,11,Cooked Dishes & Stews
طاجين الخضروات,11,Cooked Dishes & Stews
طاجين الخظر,11,Cooked Dishes & Stews
طاجين الرخام,11,Cooked Dishes & Stews
طاجين الزيتون,11,Cooked Dishes & Stews
طاجين الزيتون بالفطر,11,Cooked Dishes & Stews
طاجين الزيتون و الفطر,11,Cooked Dishes & Stews
طاجين الشواء,11,Cooked Dishes & Stews
طاجين العين,11,Cooked Dishes & Stews
طاجين الياهني,11,Cooked Dishes & Stews
طاجين بالزيتون,11,Cooked Dishes & Stews
طاجين برانية,11,Cooked Dishes & Stews
طاجين بسباس,11,Cooked Dishes & Stews
طاجين جبن,11,Cooked Dishes & Stews
طاجين جبن بالزيتون,11,Cooked Dishes & Stews
طاجين جبن مع صوص بلونش و زيتون و فطر,11,Cooked Dishes & Stews
طاجين خضر,11,Cooked Dishes & Stews
طاجين خضروات,11,Cooked Dishes & Stews
طاجين راقو,11,Cooked Dishes & Stews
طاجين راقو ( كرنب),11,Cooked Dishes & Stews
طاجين راقو (كرنب),11,Cooked Dishes & Stews
طاجين زيتون بالفطر,11,Cooked Dishes & Stews
طاجين زيتون بالفطر( من الفطر),11,Cooked Dishes & Stews
طاجين شوا,11,Cooked Dishes & Stews
طاجين غراتان,11,Cooked Dishes & Stews
طاجين لحو,11,Cooked Dishes & Stews
طبق فلفلة شكشوكة,11,Cooked Dishes & Stews
غراتان,11,Cooked Dishes & Stews
غراتان الخضار,11,Cooked Dishes & Stews
غراتان الخضر,11,Cooked Dishes & Stews
غراتان باذنجان,11,Cooked Dishes & Stews
غراتان باذنجان بالخضار,11,Cooked Dishes & Stews
غراتان بالخضار,11,Cooked Dishes & Stews
غراتان بالخضر,11,Cooked Dishes & Stews
غراتان بسباس,11,Cooked Dishes & Stews
غراتان بطاطس,11,Cooked Dishes & Stews
غراتان بلحم العجل,11,Cooked Dishes & Stews
غراتان خضار,11,Cooked Dishes & Stews
غراتان خضار بالجبن,11,Cooked Dishes & Stews
غراتان خضار بالفرماج,11,Cooked Dishes & Stews
غراتان خضر,11,Cooked Dishes & Stews
غراتان شفلور,11,Cooked Dishes & Stews
غراتان شوفلاغ,11,Cooked Dishes & Stews
غراتان شوفلور,11,Cooked Dishes & Stews
غراتان شيفلور,11,Cooked Dishes & Stews
غراتان( بالمكونات),11,Cooked Dishes & Stews
فطائر (ميني كيش),11,Cooked Dishes & Stews
فطائر(ميني كيش),11,Cooked Dishes & Stews
فلفل شكشوكة,11,Cooked Dishes & Stews
فلفلة شكشوكة,11,Cooked Dishes & Stews
فلفله شكشوكه,11,Cooked Dishes & Stews
فولفون,11,Cooked Dishes & Stews
فولوفن او بوراك,11,Cooked Dishes & Stews
فولوفون أو طاجين الجبن,11,Cooked Dishes & Stews
قراتان,11,Cooked Dishes & Stews
قراتان ( بالمكونات),11,Cooked Dishes & Stews
قراتان الباذنجان,11,Cooked Dishes & Stews
قراتان الخضار,11,Cooked Dishes & Stews
قراتان القرعة,11,Cooked Dishes & Stews
قراتان بالخضار,11,Cooked Dishes & Stews
قراتان بالشوفلور,11,Cooked Dishes & Stews
قراتان خضار,11,Cooked Dishes & Stews
قراتان خضر,11,Cooked Dishes & Stews
قراتان خضروات,11,Cooked Dishes & Stews
قراتان خضروات متنوعة,11,Cooked Dishes & Stews
قراتان شفلور,11,Cooked Dishes & Stews
قراتان شوفلار,11,Cooked Dishes & Stews
قراتان شوفلور,11,Cooked Dishes & Stews
قراتان شيفلور,11,Cooked Dishes & Stews
قراتان في الفرن,11,Cooked Dishes & Stews
قراتان لحم,11,Cooked Dishes & Stews
قراتان لحم مرحي,11,Cooked Dishes & Stews
قرتان,11,Cooked Dishes & Stews
قرتان الشوفلور,11,Cooked Dishes & Stews
قرتان بالبدنجان,11,Cooked Dishes & Stews
قرتان بالبذنجان,11,Cooked Dishes & Stews
قرتان بالخضار,11,Cooked Dishes & Stews
قرتان بالخضر,11,Cooked Dishes & Stews
قرتان بالشوفلور,11,Cooked Dishes & Stews
قرتان خضار,11,Cooked Dishes & Stews
قرتان خضروات,11,Cooked Dishes & Stews
قرتان خضروات متنوعة,11,Cooked Dishes & Stews
قرتان شوفلار,11,Cooked Dishes & Stews
قرتان شوفلور,11,Cooked Dishes & Stews
كيش,11,Cooked Dishes & Stews
لحم رولي,11,Cooked Dishes & Stews
لحم رولي بالجبن,11,Cooked Dishes & Stews
محشي و دولمة,11,Cooked Dishes & Stews
محشي ودولمة,11,Cooked Dishes & Stews
مرطبات رولي,11,Cooked Dishes & Stews
ميني بيزا او بوراك,11,Cooked Dishes & Stews
Fritte,12,Potato Dishes
البطاطا,12,Potato Dishes
البطاطا المقلية,12,Potato Dishes
البطاطا مقلية,12,Potato Dishes
البطاطا و الجبن,12,Potato Dishes
بطاطا,12,Potato Dishes
بطاطا كوشة,12,Potato Dishes
بطاطا مقلية,12,Potato Dishes
بطاطا الكوشة,12,Potato Dishes
بطاطا المقلية,12,Potato Dishes
بطاطا بالفرن,12,Potato Dishes
بطاطا برانية,12,Potato Dishes
بطاطا برمونتي,12,Potato Dishes
بطاطا بيري,12,Potato Dishes
بطاطا راقو,12,Potato Dishes
بطاطا شبه مجمدة,12,Potato Dishes
بطاطا شبه مجمدة مقلية,12,Potato Dishes
بطاطا صوطي,12,Potato Dishes
بطاطا غراتان,12,Potato Dishes
بطاطا غرتان,12,Potato Dishes
بطاطا فرن,12,Potato Dishes
بطاطا فريت,12,Potato Dishes
بطاطا فور,12,Potato Dishes
بطاطا في الفرن,12,Potato Dishes
بطاطا قارني,12,Potato Dishes
بطاطا قراتان,12,Potato Dishes
بطاطا قراتن,12,Potato Dishes
بطاطا قراطا,12,Potato Dishes
بطاطا قرتان,12,Potato Dishes
بطاطا كراتان,12,Potato Dishes
بطاطا كراتان أو مرحية,12,Potato Dishes
بطاطا كراتان او مرحبة,12,Potato Dishes
بطاطا كراتان او مرحية,12,Potato Dishes
بطاطا كوشا,12,Potato Dishes
بطاطا كوشة (بطاطا مقلية),12,Potato Dishes
بطاطا كوشة / غراتان بطاطا,12,Potato Dishes
بطاطا كوشة / فريت,12,Potato Dishes
بطاطا كوشة أو بطاطا مرحية,12,Potato Dishes
بطاطا كوشة او بطاطا مرحية,12,Potato Dishes
بطاطا كوشة/بطاطا مرحية,12,Potato Dishes
بطاطا كوشة/بطاطا مهروسة,12,Potato Dishes
بطاطا كوشة/غراتن شوفلور,12,Potato Dishes
بطاطا كوشة/فريت,12,Potato Dishes
بطاطا كوشه,12,Potato Dishes
بطاطا مجمدة,12,Potato Dishes
بطاطا مجمدة مقلية,12,Potato Dishes
بطاطا محشية,12,Potato Dishes
بطاطا محشيه,12,Potato Dishes
بطاطا محمرة بالفرن,12,Potato Dishes
بطاطا مرحية,12,Potato Dishes
بطاطا مرحية أو بطاطا كوشة,12,Potato Dishes
بطاطا مرحية او بطاطا في الفرن,12,Potato Dishes
بطاطا مرحية او بطاطا كوشة,12,Potato Dishes
بطاطا مرحية بالجبن أو بطاطا كوشة,12,Potato Dishes
بطاطا مرحية بالجبن او بطاطا في الفرن,12,Potato Dishes
بطاطا مرحية بالجبن او بطاطا كوشة,12,Potato Dishes
بطاطا مرحيه,12,Potato Dishes
بطاطا مسحوقة,12,Potato Dishes
بطاطا مسلوقة,12,Potato Dishes
بطاطا مسلوقه,12,Potato Dishes
بطاطا مطحونة,12,Potato Dishes
بطاطا مقلية (فريت),12,Potato Dishes
بطاطا مقلية دوائر,12,Potato Dishes
بطاطا مقلية شكشوكة,12,Potato Dishes
بطاطا مقلية مجمدة مع الفطر/عصيدة بطاطا,12,Potato Dishes
بطاطا مقلية/طاجين زيتون,12,Potato Dishes
بطاطا مقليه,12,Potato Dishes
بطاطا مكعبات,12,Potato Dishes
بطاطا مكعبات مقلية,12,Potato Dishes
بطاطا مهروسة,12,Potato Dishes
بطاطا مهروسة ( Puré),12,Potato Dishes
بطاطا مهروسة ( بيري),12,Potato Dishes
بطاطا مهروسة (بيري),12,Potato Dishes
بطاطا مهروسة او بطاطا في الفرن,12,Potato Dishes
بطاطا مهروسة غبرة,12,Potato Dishes
بطاطا مهروسة(بيري),12,Potato Dishes
بطاطا مهروسة/بطاطا كوشة,12,Potato Dishes
بطاطاكوشة,12,Potato Dishes
بطاطامقلية,12,Potato Dishes
بطاطامهروسة,12,Potato Dishes
بطاطة فريت,12,Potato Dishes
بوراك (بطاطا),12,Potato Dishes
بيري بطاطا,12,Potato Dishes
بيري بطاطا مرحية,12,Potato Dishes
جزر فيشي و بطاطا,12,Potato Dishes
حصيدة البطاطا,12,Potato Dishes
خضار بالبطاطا المقلية,12,Potato Dishes
خضر محشيةبطاطا,12,Potato Dishes
دولمة خضار بطاطا فلفل جريوات,12,Potato Dishes
دولمة:بطاطا,12,Potato Dishes
راقو بطاطا مقلية دوائر,12,Potato Dishes
سلاطة بطاطا متنوعة,12,Potato Dishes
سلاطة جزائرية : بطاطا مسلوقة,12,Potato Dishes
سلاطة جزائرية(بطاطا مسلوقة),12,Potato Dishes
سلطة بطاطا متنوعة,12,Potato Dishes
سلطة جزائرية ( بطاطا مسلوقة),12,Potato Dishes
سلطة جزائرية (بطاطا.طماطم.جزر.زيتون),12,Potato Dishes
سلطة جزائرية (بطاطا.طماطم.خيار),12,Potato Dishes
سلطة جزائرية (بطاطا.طماطم.زيتون.جزر),12,Potato Dishes
سلطة جزائرية(بطاطا),12,Potato Dishes
سلطة جزائرية(بطاطا مسلوقة),12,Potato Dishes
سلطة جزائرية: بطاطا مسلوقة,12,Potato Dishes
سلطة جزائرية:بطاطا مسلوقة,12,Potato Dishes
سلطة: بطاطا,12,Potato Dishes
طاجين الزيتون بالفريت,12,Potato Dishes
طاجين دولمة (بطاطا),12,Potato Dishes
طاجين دولمة(بطاطا),12,Potato Dishes
طاجين زيتون بالفريت,12,Potato Dishes
طاجين زيتون مع بطاطا مقلية,12,Potato Dishes
طاجين زيتون مع بطاطا مقليه,12,Potato Dishes
طبق بطاطا مقلية,12,Potato Dishes
طبق بطاطا مهروسة,12,Potato Dishes
عصيدة بطاطا,12,Potato Dishes
عصيدة البطاطا,12,Potato Dishes
عصيدة البطاطا Puré,12,Potato Dishes
عصيدة البطاطا بالجبن,12,Potato Dishes
عصيدة بطاطا بالجبن,12,Potato Dishes
عصيده البطاطا,12,Potato Dishes
غراتا بطاطا,12,Potato Dishes
غراتان (البطاطا),12,Potato Dishes
غراتان (بطاطا),12,Potato Dishes
غراتان البطاطا,12,Potato Dishes
غراتان بطاطا,12,Potato Dishes
غراتان بطاطا بالجبن,12,Potato Dishes
غراتان بطاطا بالخضر,12,Potato Dishes
غراتان بطاطا بالفرماج,12,Potato Dishes
غراتان بطاطا مقلية,12,Potato Dishes
غراتن بطاطا بالخضر,12,Potato Dishes
غراطن بطاطا,12,Potato Dishes
غراطن بطاطا بالحم,12,Potato Dishes
غرتان بطاطا,12,Potato Dishes
فريت,12,Potato Dishes
فريت املات,12,Potato Dishes
فريت املات او بطاطا كوشة,12,Potato Dishes
فريت اومليت,12,Potato Dishes
فريت بطاطا,12,Potato Dishes
فريت زيتون,12,Potato Dishes
فريت شكشوكة,12,Potato Dishes
فريت شكشوكة بالبذنجان,12,Potato Dishes
فريت مقلي,12,Potato Dishes
فريت( بالمكونات),12,Potato Dishes
قراتا بطاطا,12,Potato Dishes
قراتا بطاطا بشامال,12,Potato Dishes
قراتان البطاطا,12,Potato Dishes
قراتان بالخضر أو البطاطا,12,Potato Dishes
قراتان بطاطا,12,Potato Dishes
قراتان بطاطا بالجبن,12,Potato Dishes
قراتان بطاطا بالحم,12,Potato Dishes
قراتان بطاطا جبن,12,Potato Dishes
قرتان بطاطا,12,Potato Dishes
قرتان بطاطا وخضروات,12,Potato Dishes
قطع بطاطا,12,Potato Dishes
قوفريت,12,Potato Dishes
كراتان بطاطا,12,Potato Dishes
معقودة بطاطا,12,Potato Dishes
Dattes,13,Fruits
Fruit,13,Fruits
Fruit de saison,13,Fruits
Yaourt fruité,13,Fruits
fruit,13,Fruits
أناناس,13,Fruits
إجاص,13,Fruits
إيجاص,13,Fruits
اجاص,13,Fruits
اجاص/تفاح,13,Fruits
الإجاص,13,Fruits
الإيجاص,13,Fruits
البرتقال,13,Fruits
التفاح,13,Fruits
التمر,13,Fruits
الخوخ,13,Fruits
السحور: كسكس بالعنب المجفف,13,Fruits
العنب,13,Fruits
الفاكهة,13,Fruits
الفراولة,13,Fruits
الكسكس بالزبيب,13,Fruits
المسفوف(كسكس.سكر.زبيب),13,Fruits
الموز,13,Fruits
او خوخ,13,Fruits
او دقلة,13,Fruits
باغورت بالفواكه,13,Fruits
باغورت فواكه,13,Fruits
برتقال,13,Fruits
برتقال ( طومسون),13,Fruits
برتقال (أو كليمونتين Clémentine وحدتين),13,Fruits
برتقال /ماء معدني,13,Fruits
برتقال أو تفاح,13,Fruits
برتقال أو خوخ,13,Fruits
برتقال أو عصير الفواكه,13,Fruits
برتقال أو كليمونتين,13,Fruits
برتقال أو موز,13,Fruits
برتقال او تفاح,13,Fruits
برتقال او كليمونتين,13,Fruits
برتقال او مندرين,13,Fruits
برتقال او مندرينة,13,Fruits
برتقال او موز,13,Fruits
برتقال موسمي,13,Fruits
برتقال موسمي-مندرينة,13,Fruits
برتقال/ المشماش,13,Fruits
برتقال/ تفاح,13,Fruits
برتقال/ تفاح/كلمنتين,13,Fruits
برتقال/تفاح,13,Fruits
برتقال/خوخ,13,Fruits
برتقال/ماندارين,13,Fruits
برتقال/مندرين,13,Fruits
برتقال1,13,Fruits
برتقالة,13,Fruits
برقوق,13,Fruits
برقوق بالزبيب,13,Fruits
بنان او تفاح,13,Fruits
تحلية الزبيب مع البرقوق,13,Fruits
تفاح,13,Fruits
تفاح / برتقال,13,Fruits
تفاح / موز,13,Fruits
تفاح /برتقال,13,Fruits
تفاح /ماء معدني,13,Fruits
تفاح /موز,13,Fruits
تفاح أو برتقال,13,Fruits
تفاح أو خوخ,13,Fruits
تفاح أو موز,13,Fruits
تفاح اخضر,13,Fruits
تفاح او برتقال,13,Fruits
تفاح او خوخ,13,Fruits
تفاح او عصير,13,Fruits
تفاح او موز,13,Fruits
تفاح او ياغورت,13,Fruits
تفاح اوبرتقال,13,Fruits
تفاح بين و150غ,13,Fruits
تفاح/ برتقال,13,Fruits
تفاح/ برتقال/ كلمنتين,13,Fruits
تفاح/إجاص,13,Fruits
تفاح/برتقال,13,Fruits
تفاح/برتقال/ كلمنتين,13,Fruits
تفاح/خوخ,13,Fruits
تفاح/عصير,13,Fruits
تفاح/موز,13,Fruits
تفاح/نكتارين,13,Fruits
تفاحة,13,Fruits
تمر,13,Fruits
تمر بالحليب,13,Fruits
تمر دقلة,13,Fruits
تمر دڨلة,13,Fruits
تمر(5قطع),13,Fruits
تمر(5وحدات),13,Fruits
تمر/ شامية,13,Fruits
حبات تمر,13,Fruits
حبة برتقال,13,Fruits
حساء الشوبة/ قراتين,13,Fruits
حساء الشوبة/قراتين,13,Fruits
حلو (عنب),13,Fruits
حلو(عنب جاف),13,Fruits
خبز / فاكهة موسمية / ماء,13,Fruits
خبز الماء تفاح,13,Fruits
خبز الماء ياغورت بالفواكه,13,Fruits
خبز بمعجون الفواكه,13,Fruits
خبز/فاكهة موسمية/ماء,13,Fruits
خوخ,13,Fruits
خوخ / مشمش,13,Fruits
خوخ /مشمش,13,Fruits
خوخ او تفاح,13,Fruits
خوخ او عصير الفواكه,13,Fruits
خوخ-مشمش,13,Fruits
خوخ/ مشماش,13,Fruits
خوخ/مشماش/نكتارين,13,Fruits
خوخ/مشمش,13,Fruits
خوخ/نكتارين,13,Fruits
دقلة,13,Fruits
دقلة (تمر),13,Fruits
دقلة / زلابية,13,Fruits
دقلة()/ قلب اللوز,13,Fruits
زبيب,13,Fruits
زعرورة أو موز,13,Fruits
زعرورة او فراولة,13,Fruits
سفة (عنب جاف),13,Fruits
سفة(عنب جاف),13,Fruits
سلاطة فواكه,13,Fruits
سلطة الفاكهة,13,Fruits
سلطة الفواكه,13,Fruits
سلطة فواكه,13,Fruits
طاجين التفاح,13,Fruits
طاجين الحلو البرقوق,13,Fruits
طاجين الفواكه,13,Fruits
طاجين برقوق,13,Fruits
طاجين حلو (تفاح),13,Fruits
طاجين زبيب,13,Fruits
طاجين زبيب و برقوق,13,Fruits
طاجين زبيب وبرقوق,13,Fruits
طاجيين برقوق,13,Fruits
طعام بالزبيب,13,Fruits
طعام بالعنب المجفف,13,Fruits
طعام مجفف بالعنب,13,Fruits
عصير الفواكه,13,Fruits
عصير الفواكه أو برتقال,13,Fruits
عصير الفواكه أو تفاح,13,Fruits
عصير الفواكه او مشروبات غازية,13,Fruits
عصير الفواكه ماء معدني,13,Fruits
عصير الفواكه و ماء معدني,13,Fruits
عصير الفواكه1,13,Fruits
عصير بالفاكهة,13,Fruits
عصير بالفواكه,13,Fruits
عصير فاكهة,13,Fruits
عصير فواكه,13,Fruits
عصير فواكه أو ياغورت فواكه,13,Fruits
عصير فواكه/تفاح,13,Fruits
عصيرالفواكه,13,Fruits
عصيرفواكه,13,Fruits
علبتين تونة,13,Fruits
عنب,13,Fruits
عنب جاف,13,Fruits
عنب مجفف,13,Fruits
عنب/ تفاح,13,Fruits
عنب/تفاح,13,Fruits
غراتين,13,Fruits
فاكه موسيمية و عصير الفواكه,13,Fruits
فاكهة,13,Fruits
فاكهة تفاح/زعرور/خوخ,13,Fruits
فاكهة موسمية,13,Fruits
فاكهة (/مشمش/زعرور/خوخ),13,Fruits
فاكهة (تفاح/زعرور/خوخ),13,Fruits
فاكهة (مشمش/زعرور/خوخ),13,Fruits
فاكهة -تفاح/برتقال/فراولة,13,Fruits
فاكهة .م,13,Fruits
فاكهة /خوخ/مشمش/زعرور,13,Fruits
فاكهة /ماء معدني,13,Fruits
فاكهة /مشمش/زعرور/خوخ,13,Fruits
فاكهة أو ياغورت,13,Fruits
فاكهة إجاص,13,Fruits
فاكهة التفاح,13,Fruits
فاكهة الخوخ,13,Fruits
فاكهة الفصل,13,Fruits
فاكهة الموز,13,Fruits
فاكهة الموسم,13,Fruits
فاكهة برتقال,13,Fruits
فاكهة تفاح,13,Fruits
فاكهة م,13,Fruits
فاكهة متنوعة,13,Fruits
فاكهة مشمش/خوخ/زعرور,13,Fruits
فاكهة مندرين,13,Fruits
فاكهة موز,13,Fruits
فاكهة موز او تفاح,13,Fruits
فاكهة موسمبة,13,Fruits
فاكهة موسمسة,13,Fruits
فاكهة موسمسة إجاص,13,Fruits
فاكهة موسمية ( برتقال),13,Fruits
فاكهة موسمية ( موز او تفاح),13,Fruits
فاكهة موسمية (برتقال),13,Fruits
فاكهة موسمية (تفاح),13,Fruits
فاكهة موسمية (تمر),13,Fruits
فاكهة موسمية (خوخ),13,Fruits
فاكهة موسمية (موز او تفاح),13,Fruits
فاكهة موسمية المشمش,13,Fruits
فاكهة موسمية برتقال,13,Fruits
فاكهة موسمية تفاح,13,Fruits
فاكهة موسمية تمر,13,Fruits
فاكهة موسمية مندرين,13,Fruits
فاكهة موسمية(برتقال),13,Fruits
فاكهة موسمية(تفاح),13,Fruits
فاكهة موسيمة,13,Fruits
فاكهة موسيمية,13,Fruits
فاكهة موسيمية و عصير الفواكه,13,Fruits
فاكهة موسيمية و ياوغرت,13,Fruits
فاكهة(تفاح/اجاص),13,Fruits
فاكهة(تفاح/برتقال/فراولة),13,Fruits
فاكهة(تفاح/موز),13,Fruits
فاكهة(تفاح_زعرور_خوخ),13,Fruits
فاكهة(مشمش/زعرور/خوخ),13,Fruits
فاكهة.م,13,Fruits
فاكهة/عصير,13,Fruits
فاكهة=تفاح/برتقال/فراولة,13,Fruits
فاكهةالموسم,13,Fruits
فاكهةموسمية,13,Fruits
فراولة,13,Fruits
فراولة أو زعرورة,13,Fruits
فطائر بالفواكه,13,Fruits
فواكه,13,Fruits
فواكه مشكلة,13,Fruits
فواكه موسمية,13,Fruits
فواكه موسمية خوخ او مشمش,13,Fruits
فواكه موسيمية,13,Fruits
قراتين,13,Fruits
قشدة او ياغورت بالفواكه,13,Fruits
كرام ديسار أو فواكه,13,Fruits
كسكس بالزبيب,13,Fruits
كسكس بازبيب,13,Fruits
كسكس بالزبيب(سفة),13,Fruits
كسكس بالزبيب/كسكس بالخضار,13,Fruits
كسكس بالزبيب/كسكس بالخضر,13,Fruits
كسكس بالزبيب/كسكسبالخضر,13,Fruits
كسكس بالزبيب200غ,13,Fruits
كسكس بالعنب,13,Fruits
كسكس بالعنب الجاف,13,Fruits
كسكس بالعنب المجفف,13,Fruits
كسكسي بالزبيب,13,Fruits
كسكسي مسفوف بالدقلة و الزبيب,13,Fruits
كسكسي مسفوف بالزبيب,13,Fruits
كسكسي مسفوف بالزبيب و الدقلة,13,Fruits
كسكي بالزبيب,13,Fruits
كلمنتين,13,Fruits
كلمونتين,13,Fruits
كليمنتين,13,Fruits
كليمنتين/البرتقال,13,Fruits
كليمونتين,13,Fruits
كيكي بالعنب الجاف,13,Fruits
مربى المشمش,13,Fruits
مربى مشمش,13,Fruits
مربي المشمش,13,Fruits
مربي مشمش,13,Fruits
مرق حلو (برقوق),13,Fruits
مرق حلو*برقوق,13,Fruits
مسفوف بالزبيب,13,Fruits
مسفوف بالزبيب و تمر,13,Fruits
مشروب ثمري بلب البرتقال,13,Fruits
مشروب عصير الفواكه,13,Fruits
مشروبات غازية / برتقال,13,Fruits
مشمش,13,Fruits
مشمش أو خوخ,13,Fruits
مشمش او خوخ,13,Fruits
مشمش مجفف,13,Fruits
مشمش/خوخ,13,Fruits
مشمشة,13,Fruits
معجون مشمش,13,Fruits
مندرين,13,Fruits
مندرينة,13,Fruits
موز,13,Fruits
موز (بنان),13,Fruits
موز / عنب,13,Fruits
موز / فاكهة,13,Fruits
موز /ماء معدني,13,Fruits
موز أو برتقال,13,Fruits
موز أو تفاح,13,Fruits
موز أو عبوة ماء ثمري,13,Fruits
موز أو عصير,13,Fruits
موز او برتقال,13,Fruits
موز او تفاح,13,Fruits
موز او عصير,13,Fruits
موز/تفاح,13,Fruits
موز/عصير,13,Fruits
موز/عنب,13,Fruits
نكتارين /مشمش,13,Fruits
نكتارين/مشماش/خوخ,13,Fruits
نيكتارين/خوخ,13,Fruits
نيكتارين/خوخ/مشماش,13,Fruits
نيكتارين/خوخ/مشماش/اجاص,13,Fruits
نيكتارين/مشماش/خوخ,13,Fruits
ياؤورت بالفواكه,13,Fruits
ياؤورت بالفواكه (1علبة),13,Fruits
ياؤورت بالفواكه(1علبة),13,Fruits
ياؤورت فواكه,13,Fruits
يارورت بالفواكه,13,Fruits
ياغرت بالفواكه,13,Fruits
ياغورت الفاكهة,13,Fruits
ياغورت الفواكه,13,Fruits
ياغورت اوفاكهة,13,Fruits
ياغورت بالفاكهة,13,Fruits
ياغورت بالفواكه,13,Fruits
ياغورت بالفواكه(وحدة),13,Fruits
ياغورت بالفواكه100 غ,13,Fruits
ياغورت فاكهة,13,Fruits
ياغورت فواكه,13,Fruits
ياغورت فواكه أو فلان كراميل,13,Fruits
ياغورت فواكه او تفاح,13,Fruits
ياغورت فواكه او مشروب ثمري بلب البرتقال,13,Fruits
ياغورت معطر أو تمر,13,Fruits
ياغورت ممزوج بالفواكه,13,Fruits
ياغورت(بالفواكه),13,Fruits
ياغورت(قشطة/بالفواكه),13,Fruits
ياغوورت بالفواكه,13,Fruits
ياغوورت فواكه,13,Fruits
ياوغرت بالفواكه,13,Fruits
ياوغرت فواكه,13,Fruits
ياوغرت و عصير الفواكه,13,Fruits
ياوورت بالفواكه,13,Fruits
ياوورت بالفواكه Yaourt Fruité,13,Fruits
ياوورت بالفواكه Yaourt Fuité,13,Fruits
ياوورت فواكه,13,Fruits
ياوورث بالفواكه,13,Fruits
يايورت بالفواكه,13,Fruits
Kalb el louz,14,Sweets & Desserts
اكلير,14,Sweets & Desserts
الشامية,14,Sweets & Desserts
القلب اللوز,14,Sweets & Desserts
اللحم لحلو,14,Sweets & Desserts
المسفوف,14,Sweets & Desserts
المسفوف (كسكس),14,Sweets & Desserts
بسبوسة أو قلب اللوز,14,Sweets & Desserts
بسبوسة او قلب اللوز,14,Sweets & Desserts
بسكويت,14,Sweets & Desserts
بسكويت بالشكلاطة,14,Sweets & Desserts
بسكويت بالشكولاطة,14,Sweets & Desserts
بسكويت بالشوكولاطة,14,Sweets & Desserts
بسكويت محشو,14,Sweets & Desserts
بقلاوة,14,Sweets & Desserts
بقلاوة او شامية,14,Sweets & Desserts
بقلاوة او قلب اللوز,14,Sweets & Desserts
بيسكوست جافة,14,Sweets & Desserts
بيسكويت,14,Sweets & Desserts
بيسكويت بالشكولاطة,14,Sweets & Desserts
بيسكويت جافة,14,Sweets & Desserts
تحلية,14,Sweets & Desserts
تحلية قشدة,14,Sweets & Desserts
تحلية كريم دسير,14,Sweets & Desserts
تحلية و ماء معدني,14,Sweets & Desserts
تحلية ياؤورت,14,Sweets & Desserts
تحلية ياؤورت معطر,14,Sweets & Desserts
تقشدة التحلية,14,Sweets & Desserts
جافةحلويات,14,Sweets & Desserts
حبة حلوى,14,Sweets & Desserts
حلاويات جافة,14,Sweets & Desserts
حلاويات شرقية,14,Sweets & Desserts
حلو,14,Sweets & Desserts
حلو مرقة,14,Sweets & Desserts
حلوبات,14,Sweets & Desserts
حلوبات جافة,14,Sweets & Desserts
حلوة الترك,14,Sweets & Desserts
حلوة ترك,14,Sweets & Desserts
حلوة جافة,14,Sweets & Desserts
حلوة شامية,14,Sweets & Desserts
حلوة قشدية,14,Sweets & Desserts
حلوه جافه,14,Sweets & Desserts
حلوه قشديه,14,Sweets & Desserts
حلوى,14,Sweets & Desserts
حلوى جافة,14,Sweets & Desserts
حلوى جافة (2قطع),14,Sweets & Desserts
حلوى جافة (بتي فور),14,Sweets & Desserts
حلوى جافة(2قطع),14,Sweets & Desserts
حلوى جافه,14,Sweets & Desserts
حلوى شامية,14,Sweets & Desserts
حلوى قشدية,14,Sweets & Desserts
حلوى قشديه,14,Sweets & Desserts
حلوى قشطية,14,Sweets & Desserts
حلوي قشدية,14,Sweets & Desserts
حلويات,14,Sweets & Desserts
حلويات جافة,14,Sweets & Desserts
حلويات (جافة),14,Sweets & Desserts
حلويات (مادلين او كرواصو او خبز بالشيكولا),14,Sweets & Desserts
حلويات *زلابية,14,Sweets & Desserts
حلويات بسكوي,14,Sweets & Desserts
حلويات تقليدية,14,Sweets & Desserts
حلويات تقليدية (زلابية/قلب اللوز),14,Sweets & Desserts
حلويات تقليدية(زلابية/قلب اللوز),14,Sweets & Desserts
"حلويات جافة ""Grand four",14,Sweets & Desserts
حلويات جافة (كروكي),14,Sweets & Desserts
حلويات جافة / مادلان,14,Sweets & Desserts
حلويات جافة / مادلين,14,Sweets & Desserts
حلويات جافة /مادلين,14,Sweets & Desserts
حلويات جافة Croquet,14,Sweets & Desserts
حلويات جافة Galette,14,Sweets & Desserts
حلويات جافة Grand Four,14,Sweets & Desserts
حلويات جافة أو هلاليات,14,Sweets & Desserts
حلويات جافة تقليدية,14,Sweets & Desserts
حلويات جافة صابلي,14,Sweets & Desserts
حلويات جافة قرون فور,14,Sweets & Desserts
حلويات جافة(كروكي),14,Sweets & Desserts
حلويات جافة-الماء-عصير-الخبز المحسن,14,Sweets & Desserts
حلويات جافة/ مادلين,14,Sweets & Desserts
حلويات جافة80غ,14,Sweets & Desserts
حلويات جافه,14,Sweets & Desserts
حلويات خبز بالشكولاطة,14,Sweets & Desserts
حلويات زلابية مع قلب اللوز,14,Sweets & Desserts
حلويات سيقار,14,Sweets & Desserts
حلويات قلب اللوز مع زلابية,14,Sweets & Desserts
حلويات مختلفة,14,Sweets & Desserts
حلويات مرطبة,14,Sweets & Desserts
حلويات معلبة,14,Sweets & Desserts
حلويات مكيفة,14,Sweets & Desserts
حلويات ملفاي,14,Sweets & Desserts
حلويات هلاليات,14,Sweets & Desserts
حلويات(جافة),14,Sweets & Desserts
حلويات* قلب اللوز,14,Sweets & Desserts
حلويات*زلابية,14,Sweets & Desserts
حلويات*قلب اللوز,14,Sweets & Desserts
حلويلت جافة,14,Sweets & Desserts
خبز الماء فلان كراميل,14,Sweets & Desserts
خبز الماء قشطة تحلية,14,Sweets & Desserts
خبز بشكولاطة قشطة تحلية,14,Sweets & Desserts
خبز ماء فلان كراميل,14,Sweets & Desserts
خبز ماء قشطة تحلية,14,Sweets & Desserts
خبز/قشدة تحلية/ماء,14,Sweets & Desserts
زلابية,14,Sweets & Desserts
زلابية / قلب اللوز,14,Sweets & Desserts
زلابية أو بقلاوة,14,Sweets & Desserts
زلابية أو قلب اللوز,14,Sweets & Desserts
زلابية أو مقرقشات,14,Sweets & Desserts
زلابية او القلب اللوز,14,Sweets & Desserts
زلابية او قلب اللوز,14,Sweets & Desserts
زلابية او قلب الوز,14,Sweets & Desserts
زلابية و قلب اللوز,14,Sweets & Desserts
زلابية/قلب اللوز,14,Sweets & Desserts
سفة,14,Sweets & Desserts
شامية,14,Sweets & Desserts
طاجبن الحلو,14,Sweets & Desserts
طاجبن حلو,14,Sweets & Desserts
طاجين الحلو,14,Sweets & Desserts
طاجين اللحلو,14,Sweets & Desserts
طاجين اللحم حلو,14,Sweets & Desserts
طاجين حلو,14,Sweets & Desserts
طاجين لحلو,14,Sweets & Desserts
طاجين لحم حلو,14,Sweets & Desserts
طاجين لحم لحلو,14,Sweets & Desserts
طاجين لحم لحلو (بلحم البقر),14,Sweets & Desserts
طاجيين حلو,14,Sweets & Desserts
طبق الحلو,14,Sweets & Desserts
طبق حلو,14,Sweets & Desserts
طبق حلو او زيتون اخضر,14,Sweets & Desserts
طبق حلو او فاصولياء خضراء,14,Sweets & Desserts
طجين حلو,14,Sweets & Desserts
فشدة التحلية,14,Sweets & Desserts
فلان,14,Sweets & Desserts
فلان / ياؤورت,14,Sweets & Desserts
فلان /ياغورت,14,Sweets & Desserts
فلان كارامال,14,Sweets & Desserts
فلان كاراميل,14,Sweets & Desserts
فلان كارمال,14,Sweets & Desserts
فلان كارمل,14,Sweets & Desserts
فلان كرامال,14,Sweets & Desserts
فلان كرامل,14,Sweets & Desserts
فلان كراميل,14,Sweets & Desserts
فلان كراميل أو فلان,14,Sweets & Desserts
فلان كراميل أو فلان أو حلوة شامية,14,Sweets & Desserts
فلان كرمال,14,Sweets & Desserts
فلان كرميل,14,Sweets & Desserts
فلان(1علبة),14,Sweets & Desserts
فلان/ياغورت,14,Sweets & Desserts
فلفل حلو,14,Sweets & Desserts
قشدة التحلية,14,Sweets & Desserts
قشدة التحلية شوكولاطة,14,Sweets & Desserts
قشدة او فلان,14,Sweets & Desserts
قشدة تحلية,14,Sweets & Desserts
قشطة التحلية,14,Sweets & Desserts
قشطة تحلية,14,Sweets & Desserts
قطعة حلوى,14,Sweets & Desserts
قطعة حلوى جافة,14,Sweets & Desserts
قطعة زلابية,14,Sweets & Desserts
قلب اللوز,14,Sweets & Desserts
قلب اللوز أو الزلابية,14,Sweets & Desserts
قلب اللوز أو بسبوسة,14,Sweets & Desserts
قلب اللوز أو زلابية,14,Sweets & Desserts
قلب اللوز او زلابية,14,Sweets & Desserts
قلب اللوز/زلابية,14,Sweets & Desserts
قلب اللوز01,14,Sweets & Desserts
كروكي /بسكويت/ مادلان,14,Sweets & Desserts
كريمة التحلية,14,Sweets & Desserts
كريمة الحلوي او ياغورت,14,Sweets & Desserts
كريمة الحلوي /ياغورت,14,Sweets & Desserts
كريمة تحلية,14,Sweets & Desserts
كريمة تحلية أو ياغورت معطر,14,Sweets & Desserts
كريمة للتحلية,14,Sweets & Desserts
كسكس (سفة),14,Sweets & Desserts
كسكس مسفوف,14,Sweets & Desserts
كسكسي مسفوف,14,Sweets & Desserts
لحلو,14,Sweets & Desserts
لحم الحلو,14,Sweets & Desserts
لحم حلو,14,Sweets & Desserts
لحم لحلو,14,Sweets & Desserts
ماء معدني و قلب اللوز,14,Sweets & Desserts
مادلين او حلويات جافة,14,Sweets & Desserts
مادلين حلو,14,Sweets & Desserts
مرطبات (ميلفاي),14,Sweets & Desserts
مرق حلو,14,Sweets & Desserts
مرقة حلوة,14,Sweets & Desserts
مسفوف,14,Sweets & Desserts
مسفوف اختياري,14,Sweets & Desserts
مسفوف حسب الطلب,14,Sweets & Desserts
ميلفاي,14,Sweets & Desserts
ميلفاي أو هلاليات,14,Sweets & Desserts
ميلفاي او هلاليات,14,Sweets & Desserts
هلاليات أو ميلفاي,14,Sweets & Desserts
هلالية أو ميلفاي,14,Sweets & Desserts
ياؤورت فلان,14,Sweets & Desserts
ياغورت او كريمة الحلوي,14,Sweets & Desserts
ياغورت فلان,14,Sweets & Desserts
Café au lait,15,Beverages
Eau Minérale,15,Beverages
Jus,15,Beverages
café au lait,15,Beverages
jus,15,Beverages
البن,15,Beverages
الحليب بالقهوة,15,Beverages
الخير الماء,15,Beverages
الشاي,15,Beverages
العصير,15,Beverages
القهوة,15,Beverages
القهوة هلاليات,15,Beverages
الماء,15,Beverages
الماء-الخبز المحسن,15,Beverages
حليب - قهوة,15,Beverages
حليب بالقهوة,15,Beverages
حليب القهوة,15,Beverages
حليب القهوة او بالشكولاطة,15,Beverages
حليب القهوه,15,Beverages
حليب باقهوة,15,Beverages
حليب بالشكولاطة /قهوة,15,Beverages
حليب بالشوكولاطة/حليب بالقهوة,15,Beverages
حليب بالقهو ة,15,Beverages
حليب بالقهوة /الشكولاطة,15,Beverages
حليب بالقهوة /الشوكولاطة,15,Beverages
حليب بالقهوة /شكولاطة,15,Beverages
حليب بالقهوة أو الشكلاطة,15,Beverages
حليب بالقهوة أو شكلاطة,15,Beverages
حليب بالقهوة او الشكلاطة,15,Beverages
حليب بالقهوة او الشكولاطة,15,Beverages
حليب بالقهوة او بالشكولاطة,15,Beverages
حليب بالقهوة او شكولاطة,15,Beverages
حليب بالقهوة/ شكولا,15,Beverages
حليب بالقهوة/شكولا,15,Beverages
حليب بالقهوه,15,Beverages
حليب باللقهوة,15,Beverages
حليب باللقهوة أو شكلاطة,15,Beverages
حليب بلقهوة,15,Beverages
حليب قهوة,15,Beverages
حليب قهوة أو حليب شيكولة,15,Beverages
حليب قهوة او حليب شيكولة,15,Beverages
حليب قهوة او شيكولة حليب,15,Beverages
حليب قهوه,15,Beverages
حليب للقهوة او بالشكولاطة,15,Beverages
حليب مع قهوة,15,Beverages
حليب و قهوة,15,Beverages
حليب وقهوة,15,Beverages
حليب يالقهوة,15,Beverages
حليب(قهوة وشكولاطة),15,Beverages
حليب/قهوة,15,Beverages
حليبب بالقهوة,15,Beverages
حلييب بالقهوة,15,Beverages
خبز / عصير / ماء,15,Beverages
خبز /الماء,15,Beverages
خبز الماء,15,Beverages
خبز الماء عصير,15,Beverages
خبز الماء ياغورت معطر,15,Beverages
خبز عصير,15,Beverages
خبز عصير ماء,15,Beverages
خبز ماء عصير,15,Beverages
خبز/ الماء,15,Beverages
خبز/ عصير/ ماء,15,Beverages
خبز/عصير/ماء,15,Beverages
خبز/فرويتي/ماء,15,Beverages
خبز/ماء عصير,15,Beverages
خبز/ماء/فرويتي,15,Beverages
شاي,15,Beverages
صودا,15,Beverages
عصير,15,Beverages
عصير علب,15,Beverages
عصير (1علبة),15,Beverages
عصير (علبة),15,Beverages
عصير / مشروبات غازية,15,Beverages
عصير أو مشروب غازي,15,Beverages
عصير أو مشروبات غازية,15,Beverages
عصير العلب,15,Beverages
عصير الفواكة,15,Beverages
عصير او مشروب غازي,15,Beverages
عصير او مشروبات غازية,15,Beverages
عصير او ياغورت,15,Beverages
عصير بالحليب,15,Beverages
عصير علبة,15,Beverages
عصير ف,15,Beverages
عصير فاكھة,15,Beverages
عصير فوكه,15,Beverages
عصير فولكه,15,Beverages
عصير(1علبة),15,Beverages
عصير(علبة),15,Beverages
عصير(وحدة),15,Beverages
عصير-الماء,15,Beverages
عصير-ماء معدني,15,Beverages
عصير.ف,15,Beverages
عصير/ مشروبات غازية,15,Beverages
عصير/مشروبات غازية,15,Beverages
عصير/ياغورت,15,Beverages
عصير01,15,Beverages
عصير1,15,Beverages
عصير20سل,15,Beverages
عصيرعلب,15,Beverages
علب عصير,15,Beverages
علبة عصير,15,Beverages
فرويتي,15,Beverages
قارورة الماء,15,Beverages
قارورة ماء,15,Beverages
قارورة ماء 5لتر,15,Beverages
قارورة ماء لتر,15,Beverages
قارورة ماء معدني,15,Beverages
قارورة ماء(لتر),15,Beverages
قارورة ماء0,15,Beverages
قارورة ماءمعدني,15,Beverages
قارورة مياه,15,Beverages
قارورة مياه معدنية,15,Beverages
قهو,15,Beverages
قهو بالحليب,15,Beverages
قهوة,15,Beverages
قهوة (كوب),15,Beverages
قهوة - حليب,15,Beverages
قهوة أو شكلاطة,15,Beverages
قهوة أو مسحوق الشكولاطة غبرة,15,Beverages
قهوة او شكولاطة,15,Beverages
قهوة بالحليب,15,Beverages
قهوة بالحليب /شكولاطة بودرة,15,Beverages
قهوة بالحليب ب,15,Beverages
قهوة بالحليب/شكولاطة,15,Beverages
قهوة بالشكولاطة,15,Beverages
قهوة حليب,15,Beverages
قهوة حليب /شكولاطة بودرة,15,Beverages
قهوة حليب شكولاتة,15,Beverages
قهوة حليب علب,15,Beverages
قهوة شكولاطة,15,Beverages
قهوة و حليب,15,Beverages
قهوة وحليب,15,Beverages
قهوة وشكولاطة,15,Beverages
قهوة يالحليب,15,Beverages
قهوة- حليب,15,Beverages
قهوة-حليب,15,Beverages
قهوة/بودرة الشكولاطة,15,Beverages
قهوة/شكولا,15,Beverages
قهوة/شكولا بودرة,15,Beverages
قهوةبالحليب,15,Beverages
قهوةحليب,15,Beverages
قهوةكوب,15,Beverages
قهوه,15,Beverages
قهوه بالحليب,15,Beverages
قهوه حليب,15,Beverages
قهوى,15,Beverages
قهوى بالحليب,15,Beverages
كأس حليب بالقهوة,15,Beverages
كأس حليب بالقهوة أو الشكولاطة,15,Beverages
كأس قهوة,15,Beverages
كأس قهوة بالحليب,15,Beverages
كأس قهوة حليب,15,Beverages
كاس حليب القهوة,15,Beverages
كاس حليب بالقهوة,15,Beverages
كاس حليب بالقهوة او الشكولاطة,15,Beverages
كاس قهوة حليب,15,Beverages
كاس قهوة حليب /شكلاطة بودرة,15,Beverages
كاس قهوة حليب/شكلاطة بودرة,15,Beverages
كرام ديسار او ياغورت فرويتي,15,Beverages
كوب قهوة,15,Beverages
ماء لتر,15,Beverages
ماء معدني,15,Beverages
ماء معدني / منبع,15,Beverages
ماء معدني /منبع,15,Beverages
ماء معدني 5لتر,15,Beverages
ماء معدني طبيعي,15,Beverages
ماء معدني غير غازي,15,Beverages
ماء معدني قارورة,15,Beverages
ماء معدني قارورة لتر,15,Beverages
ماء معدني لتر,15,Beverages
ماء معدني و دزيريات,15,Beverages
ماء معدني ٫,15,Beverages
ماء معدني 🥤,15,Beverages
ماء معدني/منبع,15,Beverages
ماء معدني0,15,Beverages
ماء معدني0.5لتر,15,Beverages
ماء معدنيه,15,Beverages
ماء منبع/ماء معدني,15,Beverages
ماء/عصير/خبز,15,Beverages
ماء/ياغورت معطر,15,Beverages
ماء0,15,Beverages
ماء0.5لتر,15,Beverages
مرطبات أو عصير,15,Beverages
مرطبات او عصير,15,Beverages
مشروب غازي,15,Beverages
مشروب غازي/ عصير/ علبة ياغورت,15,Beverages
مشروب غازي0.33لتر,15,Beverages
مشروبات غازية,15,Beverages
مشروبات غازية33سل,15,Beverages
معجون عصير,15,Beverages
منتجات الحليب /عصير علبة,15,Beverages
مياه معدنية,15,Beverages
ياؤورت فرويتي,15,Beverages
ياغورت أو عصير,15,Beverages
ياغورت او عصير,15,Beverages
ياغورت فرويتي,15,Beverages
ياغورت فرويتي او معطر,15,Beverages
ياغورت معطر /ماء معدني,15,Beverages
ياغورت ممزوج /ماء معدني,15,Beverages
ياغورت-الماء- عصير- الخبز المحسن,15,Beverages
ياغورت/عصير,15,Beverages
ياقورت فرويتي,15,Beverages
يايورت فرويتي,15,Beverages
Confiture,16,Condiments & Spreads
الزبدة,16,Condiments & Spreads
الزبدة و المربى,16,Condiments & Spreads
الزبدة والمربى,16,Condiments & Spreads
الزيتون,16,Condiments & Spreads
الكاشير,16,Condiments & Spreads
المربى,16,Condiments & Spreads
باتي / كاشير,16,Condiments & Spreads
باتي /كاشير,16,Condiments & Spreads
باتي أو كاشير,16,Condiments & Spreads
باتي او كاشير,16,Condiments & Spreads
باتي كاشير,16,Condiments & Spreads
باتي/كاشير,16,Condiments & Spreads
بصل وزيتون,16,Condiments & Spreads
بيض / كاشير,16,Condiments & Spreads
بيض او كاشير,16,Condiments & Spreads
تونة/كاشير,16,Condiments & Spreads
خبر بالمربى,16,Condiments & Spreads
خبز / مربي,16,Condiments & Spreads
خبز /مربي,16,Condiments & Spreads
خبز بالزبدة,16,Condiments & Spreads
خبز بالمربى,16,Condiments & Spreads
خبز بالمربي,16,Condiments & Spreads
خبز مربى,16,Condiments & Spreads
خبز مربي,16,Condiments & Spreads
خبز مطلي بالزبدة,16,Condiments & Spreads
خبز مطلي بالمربى,16,Condiments & Spreads
خبز و زبدة,16,Condiments & Spreads
خبز و زبدة و مربى,16,Condiments & Spreads
خبز و مربى,16,Condiments & Spreads
خبز و مربى و زبدة,16,Condiments & Spreads
خبز-زبدة -مربى,16,Condiments & Spreads
خبز-زبدة -مربى20 غ,16,Condiments & Spreads
خبز-زبدة -مربى20غ,16,Condiments & Spreads
خبز-زبدة-مربى,16,Condiments & Spreads
خبز-زبدة10غ-مربى20غ,16,Condiments & Spreads
خلطة الزيتون,16,Condiments & Spreads
رشتة أو زيتون,16,Condiments & Spreads
رشتة او زيتون,16,Condiments & Spreads
زبدة,16,Condiments & Spreads
زبدة - مربى,16,Condiments & Spreads
زبدة -مربى,16,Condiments & Spreads
زبدة -مربى20 غ,16,Condiments & Spreads
زبدة بالمربى,16,Condiments & Spreads
زبدة حيوانية,16,Condiments & Spreads
زبدة ص,16,Condiments & Spreads
زبدة صغيرة,16,Condiments & Spreads
زبدة علب,16,Condiments & Spreads
زبدة قطع,16,Condiments & Spreads
زبدة و مربى,16,Condiments & Spreads
زبدةص,16,Condiments & Spreads
زبده ومربى,16,Condiments & Spreads
زيتون,16,Condiments & Spreads
زيتون ( بالمكونات),16,Condiments & Spreads
زيتون أسود,16,Condiments & Spreads
زيتون اسود,16,Condiments & Spreads
زيتون بدون نواة,16,Condiments & Spreads
زيتون بدون نوات,16,Condiments & Spreads
زيتون شرائح,16,Condiments & Spreads
زيتون طجين,16,Condiments & Spreads
زيتون طجين بالشونبينيو,16,Condiments & Spreads
زيتون كاسي,16,Condiments & Spreads
زيتون مائدة,16,Condiments & Spreads
زيتون مقطع,16,Condiments & Spreads
زيتون( بالمكونات),16,Condiments & Spreads
سلاطة ارز بالكاشير,16,Condiments & Spreads
سلاطة ماسيدوان بالكاشير,16,Condiments & Spreads
سلاطة متنوعة بالكاشير,16,Condiments & Spreads
سلطة بيطراف بالمعدنوس و الثوم و الزيتون الأخضر و مكعبات صغيرة من الكاشير أو الباتي,16,Condiments & Spreads
سلطة كاشير-بيض-زيتون اخضر,16,Condiments & Spreads
سلطة متنوعة (خيار/طماطم/بصل/ريتون/قطع صغيرة باتي او كاشير/ بيض مبشور),16,Condiments & Spreads
سلطة متنوعة (طماطم/بصل/ريتون/قطع صغيرة باتي او كاشير/ بيض مبشور),16,Condiments & Spreads
سلطة متنوعة بالكاشير,16,Condiments & Spreads
طاجيين زيتون,16,Condiments & Spreads
طبق الزيتون,16,Condiments & Spreads
طبق زيتون,16,Condiments & Spreads
طجين الزيتون,16,Condiments & Spreads
طجين زيتون,16,Condiments & Spreads
ظلمة زيتون,16,Condiments & Spreads
علب مربى,16,Condiments & Spreads
علب مربى حجم صغير,16,Condiments & Spreads
كاشير,16,Condiments & Spreads
كاشير / باتي,16,Condiments & Spreads
كاشير /باتي,16,Condiments & Spreads
كاشير /باتي بالجبن,16,Condiments & Spreads
كاشير أو أو باتي,16,Condiments & Spreads
كاشير أو باتي,16,Condiments & Spreads
كاشير او باتي,16,Condiments & Spreads
كاشير باتي,16,Condiments & Spreads
كاشير/ باتي,16,Condiments & Spreads
كاشير/باتي,16,Condiments & Spreads
كاشير/طونة,16,Condiments & Spreads
كشير,16,Condiments & Spreads
لحم بالصلصة,16,Condiments & Spreads
مربى,16,Condiments & Spreads
مربى أو شوكولاطة,16,Condiments & Spreads
مربى بالخبز,16,Condiments & Spreads
مربى زبدة,16,Condiments & Spreads
مربى علب,16,Condiments & Spreads
مربى معجون,16,Condiments & Spreads
مربي,16,Condiments & Spreads
مربي و زبدة,16,Condiments & Spreads
مكعبات صغيرة من الكاشير أو الباتي,16,Condiments & Spreads
هلاليات/خبز بالمربى,16,Condiments & Spreads
Grand Four,14,Sweets & Desserts
Orange,13,Fruits
Viande,5,Red Meat
أو مسحوق الشكولاطة غبرة,14,Sweets & Desserts
الباتي,1,Bread & Bakery
الجبن,8,Dairy & Cheese
اناناس,13,Fruits
اومليت,7,Eggs
اومليت شومينيون,7,Eggs
ايجاص,11,Cooked Dishes & Stews
باتي,1,Bread & Bakery
باتي بالجبن,1,Bread & Bakery
باتي جبن,1,Bread & Bakery
باتي فرماج,1,Bread & Bakery
باتي فورماج,1,Bread & Bakery
باركات,1,Bread & Bakery
باركات أو فولوفون,1,Bread & Bakery
باركيت,1,Bread & Bakery
بازيلاء مجمدة,3,Legumes
باطاطا مهروسة (بيري),12,Potato Dishes
باغورت,8,Dairy & Cheese
باغورت قارورة,8,Dairy & Cheese
باغورت معطر,8,Dairy & Cheese
ببض,7,Eggs
بتي بان,1,Bread & Bakery
بتي بان بالشكولاطة,1,Bread & Bakery
برانية,11,Cooked Dishes & Stews
برتفال,13,Fruits
برتقــال,11,Cooked Dishes & Stews
برغر,11,Cooked Dishes & Stews
برنقال,13,Fruits
بريك,1,Bread & Bakery
بريك عنابي,1,Bread & Bakery
بريكة,1,Bread & Bakery
بز,11,Cooked Dishes & Stews
بزلاء,3,Legumes
بزلاء مكسرة,3,Legumes
بزلاء مكسورة,3,Legumes
بسبوسة,14,Sweets & Desserts
بسكوي,11,Cooked Dishes & Stews
بصل,9,Vegetables & Salads
بطاط كوشة,11,Cooked Dishes & Stews
بطاط مهروسة,12,Potato Dishes
بطاطة كوشة,11,Cooked Dishes & Stews
بطاطة مرحية,12,Potato Dishes
بطاطة مقلية,12,Potato Dishes
بطاطة مهروسة,12,Potato Dishes
بطاطس مقلية,12,Potato Dishes
بطراف,9,Vegetables & Salads
بـــــــاتي,11,Cooked Dishes & Stews
بــــــــاتي,11,Cooked Dishes & Stews
بنان,13,Fruits
بنـــان,11,Cooked Dishes & Stews
بواكاسي,1,Bread & Bakery
بوانكاسي,1,Bread & Bakery
بودرة الشكولاطة,9,Vegetables & Salads
بورتقال,13,Fruits
بيتزا,1,Bread & Bakery
بيثزا,11,Cooked Dishes & Stews
بيري,12,Potato Dishes
بيري ( بالمكونات),12,Potato Dishes
بيري( بالمكونات),12,Potato Dishes
بيص,7,Eggs
بيص مسلوق,7,Eggs
بيظ مسلوق,7,Eggs
بيــض,11,Cooked Dishes & Stews
بيـــض,11,Cooked Dishes & Stews
بيــــض,11,Cooked Dishes & Stews
تارتولات,1,Bread & Bakery
تحليه,14,Sweets & Desserts
تخصص البان,8,Dairy & Cheese
تشيشا فريك,2,Rice & Pasta
تشيشة,10,Soups & Broths
تغاح,13,Fruits
تــــونة علـــب,11,Cooked Dishes & Stews
تفاخ,13,Fruits
تفـــاح,11,Cooked Dishes & Stews
تفــــاح,11,Cooked Dishes & Stews
تقاح,13,Fruits
تليـتلي,11,Cooked Dishes & Stews
تليلتلي,11,Cooked Dishes & Stews
تمــــــر,11,Cooked Dishes & Stews
تورسادي,11,Cooked Dishes & Stews
تون,6,Fish & Seafood
تونا,6,Fish & Seafood
تونا علب,6,Fish & Seafood
تونـــة مصبرة,6,Fish & Seafood
تونه,6,Fish & Seafood
ثريدة,2,Rice & Pasta
ثلثلي,11,Cooked Dishes & Stews
ثليثلي,11,Cooked Dishes & Stews
ثمر,13,Fruits
جاردينيار,9,Vegetables & Salads
جاف,3,Legumes
جبن,8,Dairy & Cheese
جبن (4قطع),8,Dairy & Cheese
جبن / كامبير,8,Dairy & Cheese
جبن القطع,8,Dairy & Cheese
جبن ذائب,8,Dairy & Cheese
جبن ذائب علب,8,Dairy & Cheese
جبن طازج,8,Dairy & Cheese
جبن طري,8,Dairy & Cheese
جبن علب,8,Dairy & Cheese
جبن فري(1علبة),8,Dairy & Cheese
جبن قطع,8,Dairy & Cheese
جبن قطع أو ذائب,8,Dairy & Cheese
جبن قطع(4وحدات),8,Dairy & Cheese
جبن قطعة,8,Dairy & Cheese
جبن مثلث,8,Dairy & Cheese
جبن مثلثات,8,Dairy & Cheese
جبن محلي,8,Dairy & Cheese
جبن مذاب,8,Dairy & Cheese
جبن معلب,8,Dairy & Cheese
جبن مقطع,8,Dairy & Cheese
جبن(3وحدات),8,Dairy & Cheese
جبن(4قطع),8,Dairy & Cheese
جبن/ كامبير,8,Dairy & Cheese
جبن/جبن الكاممبير,8,Dairy & Cheese
جبن/كامبير,8,Dairy & Cheese
جبن01,8,Dairy & Cheese
جبن03,8,Dairy & Cheese
جبن1,8,Dairy & Cheese
جبن2,8,Dairy & Cheese
جبنة ذائبة,8,Dairy & Cheese
جــبن,11,Cooked Dishes & Stews
جليب,11,Cooked Dishes & Stews
جين,8,Dairy & Cheese
جين قطع,11,Cooked Dishes & Stews
حايب,8,Dairy & Cheese
حب الملوك,13,Fruits
حبز,1,Bread & Bakery
حبز عادي,1,Bread & Bakery
حبز محسن,1,Bread & Bakery
حبن,11,Cooked Dishes & Stews
حبن قطع,11,Cooked Dishes & Stews
حبوب,11,Cooked Dishes & Stews
حرير,10,Soups & Broths
حريره,10,Soups & Broths
حلـــيب و قهـــوة,11,Cooked Dishes & Stews
حليــب وقهــوة,11,Cooked Dishes & Stews
حلييب,11,Cooked Dishes & Stews
حمــص,11,Cooked Dishes & Stews
حمـــص,11,Cooked Dishes & Stews
حميس,9,Vegetables & Salads
حميص,9,Vegetables & Salads
خ بالشكولاطة,14,Sweets & Desserts
خ.بالشكولاطة,14,Sweets & Desserts
خب,1,Bread & Bakery
خبر,1,Bread & Bakery
خبر بالشكولاطة,14,Sweets & Desserts
خبر صغير بالشيكولة,11,Cooked Dishes & Stews
خبر محسن,11,Cooked Dishes & Stews
خبــز,11,Cooked Dishes & Stews
خبـــز,11,Cooked Dishes & Stews
خبــــــز,11,Cooked Dishes & Stews
خــــــبز,11,Cooked Dishes & Stews
دجاح,4,Poultry
دحاج,4,Poultry
درة,9,Vegetables & Salads
دزيريات,14,Sweets & Desserts
دشيشة فريك,2,Rice & Pasta
دقله,11,Cooked Dishes & Stews
دوامة سكالوب,4,Poultry
دوامة لحم,5,Red Meat
دورة,11,Cooked Dishes & Stews
دولما,11,Cooked Dishes & Stews
دويــدة,2,Rice & Pasta
دويلة مفورة,2,Rice & Pasta
ذرة,9,Vegetables & Salads
ذهب الظمأ وابتلت العروق وثبت الأجر إن شاء الله﴾,11,Cooked Dishes & Stews
رائب,8,Dairy & Cheese
راتاتوي,9,Vegetables & Salads
راطاطوي,9,Vegetables & Salads
راكو,11,Cooked Dishes & Stews
رايب,8,Dairy & Cheese
رشتة,2,Rice & Pasta
رشته,11,Cooked Dishes & Stews
رفيس,14,Sweets & Desserts
روطي,5,Red Meat
ريب,11,Cooked Dishes & Stews
ريشتة,2,Rice & Pasta
ز ص,9,Vegetables & Salads
زبده,8,Dairy & Cheese
زعرور,13,Fruits
زعرور(مليص),13,Fruits
زعرورة,13,Fruits
زلابيـــة,14,Sweets & Desserts
زلابيه,14,Sweets & Desserts
زلبية,11,Cooked Dishes & Stews
زليقوا,11,Cooked Dishes & Stews
زيدة,11,Cooked Dishes & Stews
زيدة علب,11,Cooked Dishes & Stews
س متنوعة,9,Vegetables & Salads
ساطة متنوعة,9,Vegetables & Salads
سباغيت,2,Rice & Pasta
سباقاتي,2,Rice & Pasta
سباقتي,2,Rice & Pasta
سباقيت,2,Rice & Pasta
سباقيثي,2,Rice & Pasta
سباقيطي,2,Rice & Pasta
سباقيني,2,Rice & Pasta
سبانيولية,11,Cooked Dishes & Stews
سباڨيتي,11,Cooked Dishes & Stews
سبـاقيـتي,11,Cooked Dishes & Stews
سبلقيتي,11,Cooked Dishes & Stews
سخشوخة,11,Cooked Dishes & Stews
سطة متنوعة,9,Vegetables & Salads
سفيرية,11,Cooked Dishes & Stews
سكالوب,4,Poultry
سكر,14,Sweets & Desserts
سلاطه متنوعه,9,Vegetables & Salads
سلاطو متنوعة,9,Vegetables & Salads
سلاكة متنوعة,9,Vegetables & Salads
سلامة متنوعة,9,Vegetables & Salads
سلـطة بيـطراف,11,Cooked Dishes & Stews
سلـطة جزائرية,11,Cooked Dishes & Stews
سلـطة ماسيـدوان,11,Cooked Dishes & Stews
سلــطة جزائرية,11,Cooked Dishes & Stews
سللاطة متنوعة,11,Cooked Dishes & Stews
سمط طازج,11,Cooked Dishes & Stews
سمـــك,11,Cooked Dishes & Stews
سوفلي,11,Cooked Dishes & Stews
سياقيتي,11,Cooked Dishes & Stews
ش فريك,2,Rice & Pasta
شاورمة,4,Poultry
شاومة,11,Cooked Dishes & Stews
شخشوخه,2,Rice & Pasta
شرائح سكالوب,4,Poultry
شرائح ص.د,4,Poultry
شرائح صدر الديك الرومي,4,Poultry
شرائح لحم,5,Red Meat
شرب. فريك,2,Rice & Pasta
شربـة خضـار,11,Cooked Dishes & Stews
شربـة فريك,2,Rice & Pasta
شربـــــــة فريك,2,Rice & Pasta
شرية,2,Rice & Pasta
شريحة سكالوب,4,Poultry
شطاطحا لحم,5,Red Meat
شطاطحة لحم,5,Red Meat
شطيطة لحم,5,Red Meat
شطيطحه لحم,5,Red Meat
شكشوكا,7,Eggs
شكولاتة,11,Cooked Dishes & Stews
شكولاتة غبرة,11,Cooked Dishes & Stews
شكولاته,11,Cooked Dishes & Stews
شكولاته غبرة,11,Cooked Dishes & Stews
شكولاطة,14,Sweets & Desserts
شكولاطة بودرة,9,Vegetables & Salads
شكولاطة مجففة,14,Sweets & Desserts
شوارمة,11,Cooked Dishes & Stews
شوبة,10,Soups & Broths
شوربه,10,Soups & Broths
شوربه فريك,2,Rice & Pasta
شوربه لسان الطير /الشعريه,2,Rice & Pasta
شوربه لسان الطير /الشعيريه,2,Rice & Pasta
شوربه لسان الطير/ الشعريه,2,Rice & Pasta
شوربه لسان الطير/ الشعيريه,2,Rice & Pasta
شورمة,4,Poultry
شورية,10,Soups & Broths
شوفلار,9,Vegetables & Salads
شوفلار مقلي,9,Vegetables & Salads
شوكولاتة,11,Cooked Dishes & Stews
شوكولاته,11,Cooked Dishes & Stews
شوكولاطة,14,Sweets & Desserts
شيفلور,11,Cooked Dishes & Stews
صابلي,1,Bread & Bakery
صباع العروس,14,Sweets & Desserts
صباع لعروس,14,Sweets & Desserts
صبع القاضي,11,Cooked Dishes & Stews
صدر الديك الرومي,4,Poultry
صلاطة متنوعة,9,Vegetables & Salads
صلاطة مشكلة,9,Vegetables & Salads
طبق إختياري,11,Cooked Dishes & Stews
طبق البدنجال,11,Cooked Dishes & Stews
طبق البزلاء,3,Legumes
طجين جبن,8,Dairy & Cheese
طعام,11,Cooked Dishes & Stews
طن,6,Fish & Seafood
طن علب,6,Fish & Seafood
عبوة ماء ثمري,13,Fruits
عبوة مشروب ثمري,13,Fruits
عجاءن,1,Bread & Bakery
عجة,7,Eggs
عصبر,15,Beverages
عصيدة,14,Sweets & Desserts
عصيدة الباطاطا,12,Potato Dishes
عصيدة البطاطس,12,Potato Dishes
عضير,15,Beverages
عــــدس,11,Cooked Dishes & Stews
علبة جبن طازج,8,Dairy & Cheese
علبة جبن فري,8,Dairy & Cheese
علبـة تونـة,6,Fish & Seafood
عين اسبانيولية,9,Vegetables & Salads
عين بقرة,13,Fruits
غبرة الشكولاته,11,Cooked Dishes & Stews
غبرة الشكولاطة,14,Sweets & Desserts
غبرة الشوكولاته,11,Cooked Dishes & Stews
غراطن بالحم,5,Red Meat
غرتان,11,Cooked Dishes & Stews
غوفريط,1,Bread & Bakery
ف/موسمية,13,Fruits
فاصوليا,3,Legumes
فاصوليا جافة,3,Legumes
فاصوليا سوتيه,3,Legumes
فاصوليا معلبة,3,Legumes
فاكه موسيمية,13,Fruits
فاكهه,13,Fruits
فاكهه موسمية,13,Fruits
فاكهه موسميه,13,Fruits
فرماج,8,Dairy & Cheese
فروالة,13,Fruits
فرولة,13,Fruits
فريث,12,Potato Dishes
فريث ( بالمكونات),12,Potato Dishes
فريك,2,Rice & Pasta
فريك بلحم الخروف,2,Rice & Pasta
فريك بوانكاسي,1,Bread & Bakery
فصوليا جافة,11,Cooked Dishes & Stews
فصولياء,11,Cooked Dishes & Stews
فصولياء جافة,11,Cooked Dishes & Stews
فـــاكهـــة,11,Cooked Dishes & Stews
فلب اللوز,14,Sweets & Desserts
فلوفون,11,Cooked Dishes & Stews
فلون,14,Sweets & Desserts
فلون كراميل,14,Sweets & Desserts
فهوة,15,Beverages
فو مرغاز,11,Cooked Dishes & Stews
فورماج,8,Dairy & Cheese
فولوفن,1,Bread & Bakery
فولوفو,1,Bread & Bakery
فولوفو محشية,1,Bread & Bakery
فولوفون,1,Bread & Bakery
"فولوفون ""Vol au vent",1,Bread & Bakery
فولوفون (وحدة),1,Bread & Bakery
فولوفون Vol au vent,1,Bread & Bakery
فولوفون vol au vent,1,Bread & Bakery
فولوفون محشي,1,Bread & Bakery
فيطاجي,1,Bread & Bakery
قاررة ماء,15,Beverages
قاروة ماء,15,Beverages
قارورة,15,Beverages
قارورةماء,15,Beverages
قازوز,15,Beverages
قاطو,1,Bread & Bakery
قاطو ساك,1,Bread & Bakery
قاكهة,11,Cooked Dishes & Stews
قالات,11,Cooked Dishes & Stews
قراتا,11,Cooked Dishes & Stews
قراتا شفلور,9,Vegetables & Salads
قراتة,11,Cooked Dishes & Stews
قراتة شفلور,9,Vegetables & Salads
قراتـان خضـار,11,Cooked Dishes & Stews
قراتــان,11,Cooked Dishes & Stews
قراتــــــــان بالجبن,8,Dairy & Cheese
قراثان,11,Cooked Dishes & Stews
قرثان,11,Cooked Dishes & Stews
قرنون,9,Vegetables & Salads
قشده التحليه,14,Sweets & Desserts
قشده تحليه,14,Sweets & Desserts
قشطه التحليه,14,Sweets & Desserts
قطع القرناع,11,Cooked Dishes & Stews
قطع جبن,8,Dairy & Cheese
قطع قرناع,11,Cooked Dishes & Stews
قطع لحم,5,Red Meat
قطع لحم العجل,5,Red Meat
قطعة باتي,1,Bread & Bakery
قطعة لحم,5,Red Meat
قطعة لحم احمر,5,Red Meat
قلب الوز,14,Sweets & Desserts
قلب لوز,14,Sweets & Desserts
قورجات,9,Vegetables & Salads
قوفريط,1,Bread & Bakery
كرام دبسار,14,Sweets & Desserts
كرام دسار,14,Sweets & Desserts
كرام ديسير,14,Sweets & Desserts
كرام.ديسار,14,Sweets & Desserts
كركون / صابلي,1,Bread & Bakery
كرم,14,Sweets & Desserts
كرم ديسار,11,Cooked Dishes & Stews
كرواسو,11,Cooked Dishes & Stews
كرواصو,1,Bread & Bakery
كرواصون,1,Bread & Bakery
كرواصون(2قطع),1,Bread & Bakery
كروكون / صابلي,1,Bread & Bakery
كروكون او صابلي,1,Bread & Bakery
كروكون/صابلي,1,Bread & Bakery
كرومب,11,Cooked Dishes & Stews
كريات لحم,5,Red Meat
كريم دسير,14,Sweets & Desserts
كريم دسيير,14,Sweets & Desserts
كريم ديسر,14,Sweets & Desserts
كسـكسي,11,Cooked Dishes & Stews
كـاشيـر,11,Cooked Dishes & Stews
كـــــاشير,11,Cooked Dishes & Stews
كــــــاشير,11,Cooked Dishes & Stews
كـــــــاشير,11,Cooked Dishes & Stews
كــــــــاشير,11,Cooked Dishes & Stews
كـــــــــاشير,11,Cooked Dishes & Stews
كفته,5,Red Meat
كوبي,11,Cooked Dishes & Stews
كورجات,9,Vegetables & Salads
كورجات محشية,9,Vegetables & Salads
كوشة,11,Cooked Dishes & Stews
لتر,15,Beverages
لجم,11,Cooked Dishes & Stews
لجم قطع,11,Cooked Dishes & Stews
لحم,5,Red Meat
لحم (مفروم),5,Red Meat
لحم احمر,5,Red Meat
لحم احمر قطع,5,Red Meat
لحم احمر مفروم,5,Red Meat
لحم البقري,5,Red Meat
لحم الخروف,5,Red Meat
لحم الخروف قطع,5,Red Meat
لحم العجل,5,Red Meat
لحم العجل أو الخروف,5,Red Meat
لحم العجل الطازج,5,Red Meat
لحم العجل المرحي,5,Red Meat
لحم العجل المفور,5,Red Meat
لحم العجل او الخروف,5,Red Meat
لحم العجل او الخروف مفور,5,Red Meat
لحم العجل روطي,5,Red Meat
لحم العجل طازج,5,Red Meat
لحم العجل قطع,5,Red Meat
لحم العجل مرحي,5,Red Meat
لحم العجل مفروم,5,Red Meat
لحم العجل مفور,5,Red Meat
لحم بولاة,5,Red Meat
لحم جمل,5,Red Meat
لحم روتي,5,Red Meat
لحم ستاك,5,Red Meat
لحم سوتي,5,Red Meat
لحم سوتيه,5,Red Meat
لحم شرائح,5,Red Meat
لحم طازج,5,Red Meat
لحم في الفرن,5,Red Meat
لحم كريات,5,Red Meat
لحم لعجل,5,Red Meat
لحم محمر,5,Red Meat
لحم مرحي,5,Red Meat
لحم مشوي,5,Red Meat
لحم مفور,5,Red Meat
لحم(مفروم),5,Red Meat
لسان الطير,2,Rice & Pasta
لسان طير,11,Cooked Dishes & Stews
لسان عصفور,2,Rice & Pasta
لـــوبيا,11,Cooked Dishes & Stews
للحم,5,Red Meat
لنر,15,Beverages
لوبـيا,11,Cooked Dishes & Stews
لوبية بيظاء,3,Legumes
م . غازي,15,Beverages
م غازية,15,Beverages
م. غازي,15,Beverages
ماء,15,Beverages
ما معدني,11,Cooked Dishes & Stews
ماء 5لتر,15,Beverages
ماء المنبع,15,Beverages
ماء شروب,15,Beverages
ماء معدتي,15,Beverages
ماء معدنى,15,Beverages
ماء مغدني,15,Beverages
ماء منبع,15,Beverages
ماء(لتر),15,Beverages
ماءمعدني,15,Beverages
ماؤ,11,Cooked Dishes & Stews
ماد معدني,11,Cooked Dishes & Stews
مادالان,11,Cooked Dishes & Stews
ماداين,11,Cooked Dishes & Stews
مادليين,1,Bread & Bakery
مارغرين,8,Dairy & Cheese
ماسدوان,11,Cooked Dishes & Stews
ماصيدوان,9,Vegetables & Salads
ماقرون,2,Rice & Pasta
ماقرونة,2,Rice & Pasta
ماندرين,13,Fruits
ماييس,9,Vegetables & Salads
متوم,2,Rice & Pasta
متوم بالحم,2,Rice & Pasta
مدلان,11,Cooked Dishes & Stews
مربـى المشمــش,11,Cooked Dishes & Stews
مرطبات,1,Bread & Bakery
مرطبات ( ملفاي / بسكوي),1,Bread & Bakery
مرطبات ( ملفاي او بسكوي),1,Bread & Bakery
مرطبات (ملفاي / بسكوي),1,Bread & Bakery
مرطبات (ملفاي او بسكوي),1,Bread & Bakery
مرطبات بسكوي,1,Bread & Bakery
مرطبات متنوعة,1,Bread & Bakery
مرغرين,8,Dairy & Cheese
مريى,12,Potato Dishes
مسحوق الشكولاطة,14,Sweets & Desserts
مسحوق الشوكولاطة,14,Sweets & Desserts
مسحوق شوكولاطة,14,Sweets & Desserts
مسدوان,11,Cooked Dishes & Stews
مسيدوان,9,Vegetables & Salads
مسيدوان( بالمكونات),9,Vegetables & Salads
مشروب,15,Beverages
مشروب ثمري,13,Fruits
مشروبات,15,Beverages
مشروبات غ,15,Beverages
مشروبات غازيه,15,Beverages
مشروبات.غ,15,Beverages
مشماش,13,Fruits
مشمس,13,Fruits
مشملة,11,Cooked Dishes & Stews
مشيمشة,13,Fruits
مصيدوان,9,Vegetables & Salads
مع ص,9,Vegetables & Salads
معجنات,1,Bread & Bakery
معدنوس,9,Vegetables & Salads
معدني,11,Cooked Dishes & Stews
معقودة,11,Cooked Dishes & Stews
معكارونة,11,Cooked Dishes & Stews
معكرورنة,2,Rice & Pasta
مــــاسيدوان,11,Cooked Dishes & Stews
مـــــــــاسيدوان,11,Cooked Dishes & Stews
مــــــوز,11,Cooked Dishes & Stews
مقبلات باردة,11,Cooked Dishes & Stews
مقبلات ساخنة,11,Cooked Dishes & Stews
مقرقشات,11,Cooked Dishes & Stews
مقليات,11,Cooked Dishes & Stews
مكرونة,2,Rice & Pasta
مكعبات البطاطس,12,Potato Dishes
ملء معدني,11,Cooked Dishes & Stews
ملفاي,1,Bread & Bakery
ملفاي/ مرطبات,1,Bread & Bakery
ملفاي/مرطبات,1,Bread & Bakery
مملحات,11,Cooked Dishes & Stews
مندارين,13,Fruits
ميـــلفـاي أو هـلاليــــات,11,Cooked Dishes & Stews
ميلفـاي أو هلاليـات,1,Bread & Bakery
ميلفـاي و هلاليـات,1,Bread & Bakery
ميني بيتزا,1,Bread & Bakery
نفاح,13,Fruits
نفلي,11,Cooked Dishes & Stews
نكتارين,13,Fruits
نكتارين/ مشماش,13,Fruits
نمر,13,Fruits
نونة,6,Fish & Seafood
نيكتارين,13,Fruits
هلالبات,1,Bread & Bakery
هليلات,11,Cooked Dishes & Stews
همبورقر,11,Cooked Dishes & Stews
هومبرغر,11,Cooked Dishes & Stews
هيلاليات,11,Cooked Dishes & Stews
هيلاليات/ماء,15,Beverages
ياؤورث,11,Dairy & Cheese
ياغروت معطر,8,Dairy & Cheese
ياغوت,8,Dairy & Cheese
ياغوت معطر,8,Dairy & Cheese
ياغورة معطر,8,Dairy & Cheese
ياغورث,8,Dairy & Cheese
ياغورث معطر,8,Dairy & Cheese
ياغوررت,8,Dairy & Cheese
ياورت,8,Dairy & Cheese
ياورت معطر,8,Dairy & Cheese
ياوغرت,8,Dairy & Cheese
ياوغرت معطر,8,Dairy & Cheese
ياوغرت وفاكه موسيمية,8,Dairy & Cheese
ياووت,8,Dairy & Cheese
ياووغت,8,Dairy & Cheese
ياووغت معطر,8,Dairy & Cheese
يايورت,11,Dairy & Cheese
يايورت علب,11,Dairy & Cheese
يايورت فيرويتي,11,Dairy & Cheese
يايورت قارورة,15,Dairy & Cheese
يايورت معطر,11,Dairy & Cheese
يايورت معطر100غ,11,Dairy & Cheese
يايورت ممزوج,11,Dairy & Cheese
يرتقال,13,Fruits
يعورت,11,Dairy & Cheese
يعورت معطر,11,Dairy & Cheese
يعورت معطرة,11,Dairy & Cheese
يغورت معطر,11,Dairy & Cheese
ڤراتان,11,Cooked Dishes & Stews
ڨراته,11,Cooked Dishes & Stews
